-- tabla Validacion
--create table XMVLDCN( ID_METAMODELO int not null, ID_VALIDACION int not null, DESCRIPCION varchar(64) not null, CONSULTA varchar(1024), primary key(ID_METAMODELO, ID_VALIDACION) );
-- alter table XMJRRQTP add column ORDEN int;

-- Elimina registros de tablas de metamodelos
delete from XMGNRDR;
delete from XMATRBTMTMDL;
delete from XMJRRQTP;
delete from XMTPMTMDL;
delete from XMCTLGVLR;
delete from XMCTLG;
delete from XMMTMDL;
delete from XMTPPRMTV;
delete from XMVLDCN;

--tipos primitivos
INSERT INTO XMTPPRMTV (ID_TIPO_PRIMITIVO,REQUIERE_LONGITUD,REQUIERE_PRECISION,SOPORTA_EXPRESION_REGULAR,EXP_REGULAR_DEFAULT)VALUES('STRING' ,'1','0','1',NULL);
INSERT INTO XMTPPRMTV(ID_TIPO_PRIMITIVO,REQUIERE_LONGITUD,REQUIERE_PRECISION,SOPORTA_EXPRESION_REGULAR,EXP_REGULAR_DEFAULT)VALUES('INTEGER','0','0', '1', '^\d{1,5}$' );
INSERT INTO XMTPPRMTV(ID_TIPO_PRIMITIVO,REQUIERE_LONGITUD,REQUIERE_PRECISION,SOPORTA_EXPRESION_REGULAR,EXP_REGULAR_DEFAULT)VALUES('LONG'   ,'0','0', '1','^\d{1,10}$');
INSERT INTO XMTPPRMTV(ID_TIPO_PRIMITIVO,REQUIERE_LONGITUD,REQUIERE_PRECISION,SOPORTA_EXPRESION_REGULAR,EXP_REGULAR_DEFAULT)VALUES('DECIMAL','1','1' ,'1', '^\d+(\.\d{1,10})?$' );
INSERT INTO XMTPPRMTV(ID_TIPO_PRIMITIVO,REQUIERE_LONGITUD,REQUIERE_PRECISION,SOPORTA_EXPRESION_REGULAR,EXP_REGULAR_DEFAULT)VALUES('FLOAT'  ,'O','0' ,'1','^\d+(\.\d{1,5})?$');
INSERT INTO XMTPPRMTV(ID_TIPO_PRIMITIVO,REQUIERE_LONGITUD,REQUIERE_PRECISION,SOPORTA_EXPRESION_REGULAR,EXP_REGULAR_DEFAULT)VALUES('DOUBLE' ,'0','0' ,'1','^\d+(\.\d{1,10})?$');
INSERT INTO XMTPPRMTV(ID_TIPO_PRIMITIVO,REQUIERE_LONGITUD,REQUIERE_PRECISION,SOPORTA_EXPRESION_REGULAR,EXP_REGULAR_DEFAULT)VALUES('DATE'   ,'0','0','1', '^[0123]\d\/[01]\d\/\d{4}$' );
INSERT INTO XMTPPRMTV(ID_TIPO_PRIMITIVO,REQUIERE_LONGITUD,REQUIERE_PRECISION,SOPORTA_EXPRESION_REGULAR,EXP_REGULAR_DEFAULT)VALUES('BOOLEAN','0','0' ,'1', '^[01]$' );
INSERT INTO XMTPPRMTV(ID_TIPO_PRIMITIVO,REQUIERE_LONGITUD,REQUIERE_PRECISION,SOPORTA_EXPRESION_REGULAR,EXP_REGULAR_DEFAULT)VALUES('CLOB'   ,'1','0','0',NULL);
INSERT INTO XMTPPRMTV(ID_TIPO_PRIMITIVO,REQUIERE_LONGITUD,REQUIERE_PRECISION,SOPORTA_EXPRESION_REGULAR,EXP_REGULAR_DEFAULT)VALUES('BLOB'   ,'1','0','0',NULL);

--VALIDACIONES GLOBALES

insert into XMVLDCN (ID_METAMODELO, ID_VALIDACION, DESCRIPCION, CONSULTA ) values( 0, 1, 'Atributos Obligatorios', 'select a.ID_OBJETO AS idObjeto, a.ID_MODELO as idModelo, a.ID_TIPO_METAMODELO as idTipoMetamodelo, a.ID_JERARQUIA as idJerarquia, a.NOMBRE as nombre, a.DESCRIPCION as descripcion, a.ID_OBJETO_PADRE as idObjetoPadre, a.ORDEN as orden, b.NOMBRE as nombrePadre, ''Requiere atributos'' as descripcionValidacion, ''danger'' as nivel from XMOBJTMDL a left join XMOBJTMDL b on b.ID_OBJETO = a.ID_OBJETO_PADRE where a.ID_MODELO = :idModelo and exists( select 1 FROM XMMDL e INNER JOIN XMATRBTMTMDL c on c.ID_METAMODELO = e.ID_METAMODELO AND c.ID_TIPO_METAMODELO = a.ID_TIPO_METAMODELO LEFT JOIN XMATRBTOBJT d on d.ID_OBJETO = a.ID_OBJETO and d.ID_ATRIBUTO_METAMODELO = c.ID_ATRIBUTO_METAMODELO WHERE e.ID_MODELO = a.ID_MODELO and c.ES_OBLIGATORIO = ''1'' and trim(coalesce( d.VALOR ,c.VALOR_DEFECTO, '''' )) = '''' )');
insert into XMVLDCN (ID_METAMODELO, ID_VALIDACION, DESCRIPCION, CONSULTA ) values( 0, 2, 'Nombres en lista no repetidos', 'select a.ID_OBJETO AS idObjeto, a.ID_MODELO as idModelo, a.ID_TIPO_METAMODELO as idTipoMetamodelo, a.ID_JERARQUIA as idJerarquia, a.NOMBRE as nombre, a.DESCRIPCION as descripcion, a.ID_OBJETO_PADRE as idObjetoPadre, a.ORDEN as orden, b.NOMBRE as nombrePadre, ''Objeto Repetido'' as descripcionValidacion, ''danger'' as nivel from XMOBJTMDL a left join XMOBJTMDL b on b.ID_OBJETO = a.ID_OBJETO_PADRE where a.ID_MODELO = :idModelo and exists( select 1 from XMOBJTMDL c where c.ID_OBJETO_PADRE = a.ID_OBJETO_PADRE and c.ID_OBJETO <> a.ID_OBJETO and c.ID_JERARQUIA = a.ID_JERARQUIA and c.NOMBRE = a.NOMBRE )');

--Metamodelo Aplicacion
INSERT INTO XMMTMDL( ID_METAMODELO, NOMBRE_METAMODELO)VALUES(1,'APLICACION');
  -- catalogos
  INSERT INTO XMCTLG( ID_METAMODELO, ID_CATALOGO, NOMBRE_CATALOGO )VALUES( 1, 'BOOLEAN' , 'Booleanos');
    INSERT INTO XMCTLGVLR ( ID_METAMODELO, ID_CATALOGO, CLAVE, ETIQUETA, ORDEN )VALUES( 1, 'BOOLEAN', '1', 'SI', 1 );
    INSERT INTO XMCTLGVLR ( ID_METAMODELO, ID_CATALOGO, CLAVE, ETIQUETA, ORDEN )VALUES( 1, 'BOOLEAN', '0', 'NO', 2 );

  INSERT INTO XMCTLG( ID_METAMODELO, ID_CATALOGO, NOMBRE_CATALOGO )VALUES( 1, 'TIPO_PRIM' , 'Tipo Primitivo');
    INSERT INTO XMCTLGVLR ( ID_METAMODELO, ID_CATALOGO, CLAVE, ETIQUETA, ORDEN )VALUES( 1, 'TIPO_PRIM', 'STRING',	'CharField',   1 );
    INSERT INTO XMCTLGVLR ( ID_METAMODELO, ID_CATALOGO, CLAVE, ETIQUETA, ORDEN )VALUES( 1, 'TIPO_PRIM', 'INTEGER', 'IntegerField', 2 );
    INSERT INTO XMCTLGVLR ( ID_METAMODELO, ID_CATALOGO, CLAVE, ETIQUETA, ORDEN )VALUES( 1, 'TIPO_PRIM', 'LONG',    'BigIntegerField',    3 );
    INSERT INTO XMCTLGVLR ( ID_METAMODELO, ID_CATALOGO, CLAVE, ETIQUETA, ORDEN )VALUES( 1, 'TIPO_PRIM', 'DECIMAL',	'DecimalField', 4 );
    INSERT INTO XMCTLGVLR ( ID_METAMODELO, ID_CATALOGO, CLAVE, ETIQUETA, ORDEN )VALUES( 1, 'TIPO_PRIM', 'FLOAT',   'FloatField',   5 );
    INSERT INTO XMCTLGVLR ( ID_METAMODELO, ID_CATALOGO, CLAVE, ETIQUETA, ORDEN )VALUES( 1, 'TIPO_PRIM', 'DOUBLE',  'DOUBLE',	 6 );
    INSERT INTO XMCTLGVLR ( ID_METAMODELO, ID_CATALOGO, CLAVE, ETIQUETA, ORDEN )VALUES( 1, 'TIPO_PRIM', 'DATE',    'DateField',    7 );
	INSERT INTO XMCTLGVLR ( ID_METAMODELO, ID_CATALOGO, CLAVE, ETIQUETA, ORDEN )VALUES( 1, 'TIPO_PRIM', 'BOOLEAN',	'BooleanField', 8 );
	INSERT INTO XMCTLGVLR ( ID_METAMODELO, ID_CATALOGO, CLAVE, ETIQUETA, ORDEN )VALUES( 1, 'TIPO_PRIM', 'CLOB',    'TextField',    9 );
	INSERT INTO XMCTLGVLR ( ID_METAMODELO, ID_CATALOGO, CLAVE, ETIQUETA, ORDEN )VALUES( 1, 'TIPO_PRIM', 'BLOB',    'BinaryField',   10 );
	INSERT INTO XMCTLGVLR ( ID_METAMODELO, ID_CATALOGO, CLAVE, ETIQUETA, ORDEN )VALUES( 1, 'TIPO_PRIM', 'DATETIME',    'DateTimeField',    11 );
	INSERT INTO XMCTLGVLR ( ID_METAMODELO, ID_CATALOGO, CLAVE, ETIQUETA, ORDEN )VALUES( 1, 'TIPO_PRIM', 'DURATION',    'DurationField',    12 );
	INSERT INTO XMCTLGVLR ( ID_METAMODELO, ID_CATALOGO, CLAVE, ETIQUETA, ORDEN )VALUES( 1, 'TIPO_PRIM', 'EMAIL',    'EmailField',    13 );
	INSERT INTO XMCTLGVLR ( ID_METAMODELO, ID_CATALOGO, CLAVE, ETIQUETA, ORDEN )VALUES( 1, 'TIPO_PRIM', 'FILE',    'FileField',    14 );
	INSERT INTO XMCTLGVLR ( ID_METAMODELO, ID_CATALOGO, CLAVE, ETIQUETA, ORDEN )VALUES( 1, 'TIPO_PRIM', 'FILEPATH',    'FilePathField',    15 );
	INSERT INTO XMCTLGVLR ( ID_METAMODELO, ID_CATALOGO, CLAVE, ETIQUETA, ORDEN )VALUES( 1, 'TIPO_PRIM', 'IMAGE',    'ImageField',    16 );
	INSERT INTO XMCTLGVLR ( ID_METAMODELO, ID_CATALOGO, CLAVE, ETIQUETA, ORDEN )VALUES( 1, 'TIPO_PRIM', 'GEN_IP_ADDRESS',    'GenericIpAddressField',    17 );
	INSERT INTO XMCTLGVLR ( ID_METAMODELO, ID_CATALOGO, CLAVE, ETIQUETA, ORDEN )VALUES( 1, 'TIPO_PRIM', 'NULL_BOOLEAN',	'NullBooleanField', 18 );
	INSERT INTO XMCTLGVLR ( ID_METAMODELO, ID_CATALOGO, CLAVE, ETIQUETA, ORDEN )VALUES( 1, 'TIPO_PRIM', 'POS_INTEGER',	'PositiveIntegerField', 19 );
	INSERT INTO XMCTLGVLR ( ID_METAMODELO, ID_CATALOGO, CLAVE, ETIQUETA, ORDEN )VALUES( 1, 'TIPO_PRIM', 'POS_SM_INTEGER',	'PositiveSmallIntegerField', 20 );
	INSERT INTO XMCTLGVLR ( ID_METAMODELO, ID_CATALOGO, CLAVE, ETIQUETA, ORDEN )VALUES( 1, 'TIPO_PRIM', 'SLUG',	'SlugField', 20 );
	INSERT INTO XMCTLGVLR ( ID_METAMODELO, ID_CATALOGO, CLAVE, ETIQUETA, ORDEN )VALUES( 1, 'TIPO_PRIM', 'SM_INTEGER',	'SmallIntegerField', 20 );
	INSERT INTO XMCTLGVLR ( ID_METAMODELO, ID_CATALOGO, CLAVE, ETIQUETA, ORDEN )VALUES( 1, 'TIPO_PRIM', 'TIME',	'TimeField', 20 );
	INSERT INTO XMCTLGVLR ( ID_METAMODELO, ID_CATALOGO, CLAVE, ETIQUETA, ORDEN )VALUES( 1, 'TIPO_PRIM', 'URL',	'UrlField', 20 );
	INSERT INTO XMCTLGVLR ( ID_METAMODELO, ID_CATALOGO, CLAVE, ETIQUETA, ORDEN )VALUES( 1, 'TIPO_PRIM', 'UUID',	'UUIDField', 20 );

  INSERT INTO XMCTLG( ID_METAMODELO, ID_CATALOGO, NOMBRE_CATALOGO )VALUES( 1, 'TIPO_JOIN' , 'Tipo Join');
    INSERT INTO XMCTLGVLR ( ID_METAMODELO, ID_CATALOGO, CLAVE, ETIQUETA, ORDEN )VALUES( 1, 'TIPO_JOIN', 'INNER', 'INNER', 1 );
    INSERT INTO XMCTLGVLR ( ID_METAMODELO, ID_CATALOGO, CLAVE, ETIQUETA, ORDEN )VALUES( 1, 'TIPO_JOIN', 'LEFT', 'LEFT',   2 );
  INSERT INTO XMCTLG( ID_METAMODELO, ID_CATALOGO, NOMBRE_CATALOGO )VALUES( 1, 'HTTP_METHOD' , 'Metodo HTTP');
    INSERT INTO XMCTLGVLR ( ID_METAMODELO, ID_CATALOGO, CLAVE, ETIQUETA, ORDEN )VALUES( 1, 'HTTP_METHOD', 'GET', 'GET',   1 );
    INSERT INTO XMCTLGVLR ( ID_METAMODELO, ID_CATALOGO, CLAVE, ETIQUETA, ORDEN )VALUES( 1, 'HTTP_METHOD', 'POST', 'POST', 2 );
  INSERT INTO XMCTLG( ID_METAMODELO, ID_CATALOGO, NOMBRE_CATALOGO )VALUES( 1, 'CRUD' , 'Tipo CRUD');
    INSERT INTO XMCTLGVLR ( ID_METAMODELO, ID_CATALOGO, CLAVE, ETIQUETA, ORDEN )VALUES( 1, 'CRUD', 'INSERT', 'INSERT', 1 );
    INSERT INTO XMCTLGVLR ( ID_METAMODELO, ID_CATALOGO, CLAVE, ETIQUETA, ORDEN )VALUES( 1, 'CRUD', 'UPDATE', 'UPDATE', 2 );
    INSERT INTO XMCTLGVLR ( ID_METAMODELO, ID_CATALOGO, CLAVE, ETIQUETA, ORDEN )VALUES( 1, 'CRUD', 'DELETE', 'DELETE', 3 );

  -- Entidades

  INSERT INTO XMTPMTMDL( ID_METAMODELO, ID_TIPO_METAMODELO, NOMBRE_TIPO_METAMODELO)VALUES(1,'APLICACION','Aplicacion');
  UPDATE XMMTMDL SET ID_TIPO_RAIZ ='APLICACION' WHERE ID_METAMODELO = 1;
    INSERT INTO XMATRBTMTMDL( ID_METAMODELO,ID_TIPO_METAMODELO,ID_ATRIBUTO_METAMODELO, ID_TIPO_PRIMITIVO,ID_TIPO_METAMODELO_REF,ES_OBLIGATORIO, LONGITUD_ATRIBUTO,PRECISION_ATRIBUTO,ORDEN, EXP_REGULAR_VALIDACION,VALOR_DEFECTO )VALUES( 1,'APLICACION'    ,'prefijo', 'STRING' ,NULL   ,'1',8   ,NULL,1, '^[a-z0-9_]{0,8}$' ,NULL);
    INSERT INTO XMATRBTMTMDL( ID_METAMODELO,ID_TIPO_METAMODELO,ID_ATRIBUTO_METAMODELO, ID_TIPO_PRIMITIVO,ID_TIPO_METAMODELO_REF,ES_OBLIGATORIO, LONGITUD_ATRIBUTO,PRECISION_ATRIBUTO,ORDEN, EXP_REGULAR_VALIDACION,VALOR_DEFECTO )VALUES( 1,'APLICACION'    ,'licencia','STRING' ,NULL   ,'1',16  ,NULL,1, '^[A-Za-z0-9_]{0,29}$' ,NULL);

  INSERT INTO XMTPMTMDL( ID_METAMODELO, ID_TIPO_METAMODELO, NOMBRE_TIPO_METAMODELO)VALUES(1,'CATALOGO','Catalogo');
  INSERT INTO XMTPMTMDL( ID_METAMODELO, ID_TIPO_METAMODELO, NOMBRE_TIPO_METAMODELO)VALUES(1,'VALOR_CATALOGO','Valor Catalogo');
    INSERT INTO XMATRBTMTMDL( ID_METAMODELO,ID_TIPO_METAMODELO,ID_ATRIBUTO_METAMODELO, ID_TIPO_PRIMITIVO,ID_TIPO_METAMODELO_REF,ES_OBLIGATORIO, LONGITUD_ATRIBUTO,PRECISION_ATRIBUTO,ORDEN, EXP_REGULAR_VALIDACION,VALOR_DEFECTO ,ID_CATALOGO )VALUES( 2,'VALOR_CATALOGO','etiqueta' ,'STRING'	 ,NULL   ,'1',32  ,NULL,1,NULL,NULL ,NULL);
  INSERT INTO XMJRRQTP( ID_METAMODELO,ID_TIPO_METAMODELO_PADRE,ID_JERARQUIA,ID_TIPO_METAMODELO_HIJO,ES_MULTIPLE, ORDEN )VALUES( 1,'APLICACION'       ,'Catalogos'   ,'CATALOGO'       ,'1', 3);
  INSERT INTO XMJRRQTP( ID_METAMODELO,ID_TIPO_METAMODELO_PADRE,ID_JERARQUIA,ID_TIPO_METAMODELO_HIJO,ES_MULTIPLE, ORDEN )VALUES( 1,'CATALOGO'         ,'Valores'     ,'VALOR_CATALOGO' ,'1', 1);

    INSERT INTO XMTPMTMDL( ID_METAMODELO,ID_TIPO_METAMODELO, NOMBRE_TIPO_METAMODELO)VALUES(1,'ENTIDAD','Entidad');
    INSERT INTO XMATRBTMTMDL ( ID_METAMODELO,ID_TIPO_METAMODELO,ID_ATRIBUTO_METAMODELO, ID_TIPO_PRIMITIVO,ID_TIPO_METAMODELO_REF,ES_OBLIGATORIO, LONGITUD_ATRIBUTO,PRECISION_ATRIBUTO,ORDEN, EXP_REGULAR_VALIDACION ,VALOR_DEFECTO )VALUES( 1,'ENTIDAD'  ,'nombreTabla','STRING' ,NULL   ,'1',30  ,NULL,1, '^[A-Z][A-Z0-9_]{0,29}$' ,NULL);
    -- todo atributo entidad usuario s/n
    INSERT INTO XMATRBTMTMDL( ID_METAMODELO,ID_TIPO_METAMODELO,ID_ATRIBUTO_METAMODELO, ID_TIPO_PRIMITIVO,ID_TIPO_METAMODELO_REF,ES_OBLIGATORIO, LONGITUD_ATRIBUTO,PRECISION_ATRIBUTO,ORDEN, EXP_REGULAR_VALIDACION,VALOR_DEFECTO )VALUES( 1,'ENTIDAD'    ,'entidadUsuario'         ,'BOOLEAN',NULL   		,'1',NULL,NULL,3, NULL,                     '0');
  INSERT INTO XMTPMTMDL( ID_METAMODELO, ID_TIPO_METAMODELO, NOMBRE_TIPO_METAMODELO)VALUES(1,'CAMPO','Campo');
    INSERT INTO XMATRBTMTMDL( ID_METAMODELO,ID_TIPO_METAMODELO,ID_ATRIBUTO_METAMODELO, ID_TIPO_PRIMITIVO,ID_TIPO_METAMODELO_REF,ES_OBLIGATORIO, LONGITUD_ATRIBUTO,PRECISION_ATRIBUTO,ORDEN, EXP_REGULAR_VALIDACION,VALOR_DEFECTO )VALUES( 1,'CAMPO'    ,'nombreCampo','STRING' ,NULL   		,'1',30  ,NULL,1, '^[A-Z][A-Z0-9_]{0,29}$', NULL);
    INSERT INTO XMATRBTMTMDL( ID_METAMODELO,ID_TIPO_METAMODELO,ID_ATRIBUTO_METAMODELO, ID_TIPO_PRIMITIVO,ID_TIPO_METAMODELO_REF,ES_OBLIGATORIO, LONGITUD_ATRIBUTO,PRECISION_ATRIBUTO,ORDEN, EXP_REGULAR_VALIDACION,VALOR_DEFECTO )VALUES( 1,'CAMPO'    ,'incremental','BOOLEAN',NULL   		,'1',NULL,NULL,2, NULL,                     '0');
    INSERT INTO XMATRBTMTMDL( ID_METAMODELO,ID_TIPO_METAMODELO,ID_ATRIBUTO_METAMODELO, ID_TIPO_PRIMITIVO,ID_TIPO_METAMODELO_REF,ES_OBLIGATORIO, LONGITUD_ATRIBUTO,PRECISION_ATRIBUTO,ORDEN, EXP_REGULAR_VALIDACION,VALOR_DEFECTO )VALUES( 1,'CAMPO'    ,'pk'         ,'BOOLEAN',NULL   		,'1',NULL,NULL,3, NULL,                     '0');
    INSERT INTO XMATRBTMTMDL( ID_METAMODELO,ID_TIPO_METAMODELO,ID_ATRIBUTO_METAMODELO, ID_TIPO_PRIMITIVO,ID_TIPO_METAMODELO_REF,ES_OBLIGATORIO, LONGITUD_ATRIBUTO,PRECISION_ATRIBUTO,ORDEN, EXP_REGULAR_VALIDACION,VALOR_DEFECTO )VALUES( 1,'CAMPO'    ,'tipo'       ,'STRING' ,NULL   		,'1',8   ,NULL,4, NULL,                     'STRING');
    INSERT INTO XMATRBTMTMDL( ID_METAMODELO,ID_TIPO_METAMODELO,ID_ATRIBUTO_METAMODELO, ID_TIPO_PRIMITIVO,ID_TIPO_METAMODELO_REF,ES_OBLIGATORIO, LONGITUD_ATRIBUTO,PRECISION_ATRIBUTO,ORDEN, EXP_REGULAR_VALIDACION,VALOR_DEFECTO )VALUES( 1,'CAMPO'    ,'tamano'     ,'INTEGER',NULL   		,'1',NULL,NULL,5, NULL,                     '1');
    INSERT INTO XMATRBTMTMDL( ID_METAMODELO,ID_TIPO_METAMODELO,ID_ATRIBUTO_METAMODELO, ID_TIPO_PRIMITIVO,ID_TIPO_METAMODELO_REF,ES_OBLIGATORIO, LONGITUD_ATRIBUTO,PRECISION_ATRIBUTO,ORDEN, EXP_REGULAR_VALIDACION,VALOR_DEFECTO )VALUES( 1,'CAMPO'    ,'precision'  ,'INTEGER',NULL   		,'0',NULL,NULL,6, NULL,                     NULL);
    INSERT INTO XMATRBTMTMDL( ID_METAMODELO,ID_TIPO_METAMODELO,ID_ATRIBUTO_METAMODELO, ID_TIPO_PRIMITIVO,ID_TIPO_METAMODELO_REF,ES_OBLIGATORIO, LONGITUD_ATRIBUTO,PRECISION_ATRIBUTO,ORDEN, EXP_REGULAR_VALIDACION,VALOR_DEFECTO )VALUES( 1,'CAMPO'    ,'insert'     ,'BOOLEAN',NULL   		,'1',NULL,NULL,7, NULL,                     '1');
    INSERT INTO XMATRBTMTMDL( ID_METAMODELO,ID_TIPO_METAMODELO,ID_ATRIBUTO_METAMODELO, ID_TIPO_PRIMITIVO,ID_TIPO_METAMODELO_REF,ES_OBLIGATORIO, LONGITUD_ATRIBUTO,PRECISION_ATRIBUTO,ORDEN, EXP_REGULAR_VALIDACION,VALOR_DEFECTO )VALUES( 1,'CAMPO'    ,'update'     ,'BOOLEAN',NULL   		,'1',NULL,NULL,8, NULL,                     '1');
    INSERT INTO XMATRBTMTMDL( ID_METAMODELO,ID_TIPO_METAMODELO,ID_ATRIBUTO_METAMODELO, ID_TIPO_PRIMITIVO,ID_TIPO_METAMODELO_REF,ES_OBLIGATORIO, LONGITUD_ATRIBUTO,PRECISION_ATRIBUTO,ORDEN, EXP_REGULAR_VALIDACION,VALOR_DEFECTO )VALUES( 1,'CAMPO'    ,'obligatorio','BOOLEAN',NULL   		,'1',NULL,NULL,9, NULL,                     '1');
    INSERT INTO XMATRBTMTMDL( ID_METAMODELO,ID_TIPO_METAMODELO,ID_ATRIBUTO_METAMODELO, ID_TIPO_PRIMITIVO,ID_TIPO_METAMODELO_REF,ES_OBLIGATORIO, LONGITUD_ATRIBUTO,PRECISION_ATRIBUTO,ORDEN, EXP_REGULAR_VALIDACION,VALOR_DEFECTO )VALUES( 1,'CAMPO'    ,'catalogo'   ,NULL     ,'CATALOGO'	,'0',32	 ,NULL,10,NULL,						'');
    INSERT INTO XMATRBTMTMDL( ID_METAMODELO,ID_TIPO_METAMODELO,ID_ATRIBUTO_METAMODELO, ID_TIPO_PRIMITIVO,ID_TIPO_METAMODELO_REF,ES_OBLIGATORIO, LONGITUD_ATRIBUTO,PRECISION_ATRIBUTO,ORDEN, EXP_REGULAR_VALIDACION,VALOR_DEFECTO )VALUES( 1,'CAMPO'    ,'refUser'	 ,'BOOLEAN' ,NULL   		,'1',NULL,NULL,11, NULL,                    '0');
    INSERT INTO XMATRBTMTMDL( ID_METAMODELO,ID_TIPO_METAMODELO,ID_ATRIBUTO_METAMODELO, ID_TIPO_PRIMITIVO,ID_TIPO_METAMODELO_REF,ES_OBLIGATORIO, LONGITUD_ATRIBUTO,PRECISION_ATRIBUTO,ORDEN, EXP_REGULAR_VALIDACION,VALOR_DEFECTO )VALUES( 1,'CAMPO'    ,'displayName','BOOLEAN' ,NULL   		,'1',NULL,NULL,12, NULL,                    '0');
  INSERT INTO XMTPMTMDL( ID_METAMODELO, ID_TIPO_METAMODELO, NOMBRE_TIPO_METAMODELO)VALUES(1,'NAMED_QUERY','Consulta');
    INSERT INTO XMATRBTMTMDL( ID_METAMODELO,ID_TIPO_METAMODELO, ID_ATRIBUTO_METAMODELO, ID_TIPO_PRIMITIVO,ID_TIPO_METAMODELO_REF,ES_OBLIGATORIO, LONGITUD_ATRIBUTO,PRECISION_ATRIBUTO,ORDEN, EXP_REGULAR_VALIDACION,VALOR_DEFECTO )VALUES( 1,'NAMED_QUERY','nombreIndice' ,'STRING'  ,NULL      ,'1',30 ,NULL,1, '^[A-Z][A-Z0-9_]{0,29}$'  , NULL);
    INSERT INTO XMATRBTMTMDL( ID_METAMODELO,ID_TIPO_METAMODELO, ID_ATRIBUTO_METAMODELO, ID_TIPO_PRIMITIVO,ID_TIPO_METAMODELO_REF,ES_OBLIGATORIO, LONGITUD_ATRIBUTO,PRECISION_ATRIBUTO,ORDEN, EXP_REGULAR_VALIDACION,VALOR_DEFECTO )VALUES( 1,'NAMED_QUERY','indiceUnico'  ,'BOOLEAN' ,NULL      ,'1',1  ,NULL,2, NULL                      , '0');
    INSERT INTO XMATRBTMTMDL( ID_METAMODELO,ID_TIPO_METAMODELO, ID_ATRIBUTO_METAMODELO, ID_TIPO_PRIMITIVO,ID_TIPO_METAMODELO_REF,ES_OBLIGATORIO, LONGITUD_ATRIBUTO,PRECISION_ATRIBUTO,ORDEN, EXP_REGULAR_VALIDACION,VALOR_DEFECTO )VALUES( 1,'NAMED_QUERY','endPoint'     ,'STRING'  ,NULL      ,'0',128,NULL,3, NULL					   , NULL);
    INSERT INTO XMATRBTMTMDL( ID_METAMODELO,ID_TIPO_METAMODELO, ID_ATRIBUTO_METAMODELO, ID_TIPO_PRIMITIVO,ID_TIPO_METAMODELO_REF,ES_OBLIGATORIO, LONGITUD_ATRIBUTO,PRECISION_ATRIBUTO,ORDEN, EXP_REGULAR_VALIDACION,VALOR_DEFECTO )VALUES( 1,'NAMED_QUERY','finder'       ,'STRING'  ,NULL      ,'0',30 ,NULL,4, '^[a-z][A-Za-z0-9]{0,29}$', NULL);
    INSERT INTO XMATRBTMTMDL( ID_METAMODELO,ID_TIPO_METAMODELO, ID_ATRIBUTO_METAMODELO, ID_TIPO_PRIMITIVO,ID_TIPO_METAMODELO_REF,ES_OBLIGATORIO, LONGITUD_ATRIBUTO,PRECISION_ATRIBUTO,ORDEN, EXP_REGULAR_VALIDACION,VALOR_DEFECTO )VALUES( 1,'NAMED_QUERY','nombreFK'     ,'STRING'  ,NULL      ,'0',30 ,NULL,5, '^[A-Z][A-Z0-9_]{0,29}$'  , NULL);
    INSERT INTO XMATRBTMTMDL( ID_METAMODELO,ID_TIPO_METAMODELO, ID_ATRIBUTO_METAMODELO, ID_TIPO_PRIMITIVO,ID_TIPO_METAMODELO_REF,ES_OBLIGATORIO, LONGITUD_ATRIBUTO,PRECISION_ATRIBUTO,ORDEN, EXP_REGULAR_VALIDACION,VALOR_DEFECTO )VALUES( 1,'NAMED_QUERY','entidadFK'    ,NULL      ,'ENTIDAD' ,'0',30 ,NULL,6, NULL                      , NULL);

  INSERT INTO XMTPMTMDL( ID_METAMODELO, ID_TIPO_METAMODELO, NOMBRE_TIPO_METAMODELO)VALUES(1,'REF_CAMPO','RefCampo');
    INSERT INTO XMATRBTMTMDL( ID_METAMODELO,ID_TIPO_METAMODELO, ID_ATRIBUTO_METAMODELO, ID_TIPO_PRIMITIVO,ID_TIPO_METAMODELO_REF,ES_OBLIGATORIO, LONGITUD_ATRIBUTO,PRECISION_ATRIBUTO,ORDEN, EXP_REGULAR_VALIDACION,VALOR_DEFECTO )VALUES( 1,'REF_CAMPO','refCampo'   ,NULL     ,'CAMPO','0',30,NULL,1,NULL,NULL);
  INSERT INTO XMJRRQTP( ID_METAMODELO,ID_TIPO_METAMODELO_PADRE,ID_JERARQUIA,ID_TIPO_METAMODELO_HIJO,ES_MULTIPLE, ORDEN )VALUES( 1,'APLICACION'     ,'Entidades'        ,'ENTIDAD'   , '1', 2);
  INSERT INTO XMJRRQTP( ID_METAMODELO,ID_TIPO_METAMODELO_PADRE,ID_JERARQUIA,ID_TIPO_METAMODELO_HIJO,ES_MULTIPLE, ORDEN )VALUES( 1,'ENTIDAD'    ,'Campos'           ,'CAMPO'      ,'1', 1);
  INSERT INTO XMJRRQTP( ID_METAMODELO,ID_TIPO_METAMODELO_PADRE,ID_JERARQUIA,ID_TIPO_METAMODELO_HIJO,ES_MULTIPLE, ORDEN )VALUES( 1,'ENTIDAD'    ,'NamedQuieries'    ,'NAMED_QUERY','1', 2);
  -- jerarquia entidades detalle
  INSERT INTO XMJRRQTP( ID_METAMODELO,ID_TIPO_METAMODELO_PADRE,ID_JERARQUIA,ID_TIPO_METAMODELO_HIJO,ES_MULTIPLE, ORDEN )VALUES( 1,'ENTIDAD'    ,'EntidadesDetalle'    ,'ENTIDAD','1', 3);
  INSERT INTO XMJRRQTP( ID_METAMODELO,ID_TIPO_METAMODELO_PADRE,ID_JERARQUIA,ID_TIPO_METAMODELO_HIJO,ES_MULTIPLE, ORDEN )VALUES( 1,'NAMED_QUERY','camposWhere'      ,'REF_CAMPO'  ,'1', 1);
  INSERT INTO XMJRRQTP( ID_METAMODELO,ID_TIPO_METAMODELO_PADRE,ID_JERARQUIA,ID_TIPO_METAMODELO_HIJO,ES_MULTIPLE, ORDEN )VALUES( 1,'NAMED_QUERY','camposOrderBy'    ,'REF_CAMPO'  ,'1', 2);
  -- generadores
  INSERT INTO XMGNRDR( ID_METAMODELO,ID_GENERADOR,NOMBRE_GENERADOR,PROGRAMA_GENERADOR,MIME_TYPE,EXTENSION )VALUES( 1,'SCRIPT_SQL' ,'Script SQL','GeneradorERScriptSql','text/text','.sql' );
  INSERT INTO XMGNRDR( ID_METAMODELO,ID_GENERADOR,NOMBRE_GENERADOR,PROGRAMA_GENERADOR,MIME_TYPE,EXTENSION )VALUES( 1,'DJANGO' ,'Aplicacion Django','GeneradorDjango','text/text','.py' );
  INSERT INTO XMGNRDR( ID_METAMODELO,ID_GENERADOR,NOMBRE_GENERADOR,PROGRAMA_GENERADOR,MIME_TYPE,EXTENSION )VALUES( 1,'WP-MVC' ,'Plugin Wordpress MVC','GeneradorWpMvc','text/text','.py' );
  INSERT INTO XMGNRDR( ID_METAMODELO,ID_GENERADOR,NOMBRE_GENERADOR,PROGRAMA_GENERADOR,MIME_TYPE,EXTENSION )VALUES( 1,'Express' ,'NodeJS Express Jade','GeneradorNjsExpress','text/text','.py' );
  -- metamodelo aplicacion dominio consultas complejas
  INSERT INTO XMTPMTMDL( ID_METAMODELO, ID_TIPO_METAMODELO, NOMBRE_TIPO_METAMODELO)VALUES(1,'COMPLEX_QUERY','Consulta especial');
    INSERT INTO XMATRBTMTMDL( ID_METAMODELO,ID_TIPO_METAMODELO, ID_ATRIBUTO_METAMODELO, ID_TIPO_PRIMITIVO,ID_TIPO_METAMODELO_REF,ES_OBLIGATORIO, LONGITUD_ATRIBUTO,PRECISION_ATRIBUTO,ORDEN, EXP_REGULAR_VALIDACION,VALOR_DEFECTO )VALUES( 1,'COMPLEX_QUERY', 'alias',            'STRING', NULL   ,   '1',4  ,NULL, 1, '^[A-Za-z][A-Z0-9_]{0,3}$', 'a');
    INSERT INTO XMATRBTMTMDL( ID_METAMODELO,ID_TIPO_METAMODELO, ID_ATRIBUTO_METAMODELO, ID_TIPO_PRIMITIVO,ID_TIPO_METAMODELO_REF,ES_OBLIGATORIO, LONGITUD_ATRIBUTO,PRECISION_ATRIBUTO,ORDEN, EXP_REGULAR_VALIDACION,VALOR_DEFECTO )VALUES( 1,'COMPLEX_QUERY', 'entidadPrincipal', NULL,     'ENTIDAD', '1',30 ,NULL, 2, NULL,                       NULL);
  INSERT INTO XMTPMTMDL( ID_METAMODELO, ID_TIPO_METAMODELO, NOMBRE_TIPO_METAMODELO)VALUES(1,'CQ_CAMPO_SELECT','campoSeleccion');
    INSERT INTO XMATRBTMTMDL( ID_METAMODELO,ID_TIPO_METAMODELO, ID_ATRIBUTO_METAMODELO, ID_TIPO_PRIMITIVO,ID_TIPO_METAMODELO_REF,ES_OBLIGATORIO, LONGITUD_ATRIBUTO,PRECISION_ATRIBUTO,ORDEN, EXP_REGULAR_VALIDACION,VALOR_DEFECTO )VALUES( 1,'CQ_CAMPO_SELECT', 'aliasTabla', 'STRING', NULL   ,   '1',4   ,NULL, 1, '^[A-Za-z][A-Z0-9_]{0,3}$',  'a');
    INSERT INTO XMATRBTMTMDL( ID_METAMODELO,ID_TIPO_METAMODELO, ID_ATRIBUTO_METAMODELO, ID_TIPO_PRIMITIVO,ID_TIPO_METAMODELO_REF,ES_OBLIGATORIO, LONGITUD_ATRIBUTO,PRECISION_ATRIBUTO,ORDEN, EXP_REGULAR_VALIDACION,VALOR_DEFECTO )VALUES( 1,'CQ_CAMPO_SELECT', 'campo',      'STRING', NULL   ,   '0',30  ,NULL, 2, '^[A-Za-z][A-Z0-9_]{0,29}$', NULL);
  INSERT INTO XMTPMTMDL( ID_METAMODELO, ID_TIPO_METAMODELO, NOMBRE_TIPO_METAMODELO)VALUES(1,'CQ_TABLA','tablaSeleccion');
    INSERT INTO XMATRBTMTMDL( ID_METAMODELO,ID_TIPO_METAMODELO, ID_ATRIBUTO_METAMODELO, ID_TIPO_PRIMITIVO,ID_TIPO_METAMODELO_REF,ES_OBLIGATORIO, LONGITUD_ATRIBUTO,PRECISION_ATRIBUTO,ORDEN, EXP_REGULAR_VALIDACION,VALOR_DEFECTO, ID_CATALOGO )VALUES( 1,'CQ_TABLA', 'alias',     'STRING', NULL   ,   '1',4   ,NULL, 1, '^[A-Za-z][A-Z0-9_]{0,3}$', 'z'     ,NULL);
    INSERT INTO XMATRBTMTMDL( ID_METAMODELO,ID_TIPO_METAMODELO, ID_ATRIBUTO_METAMODELO, ID_TIPO_PRIMITIVO,ID_TIPO_METAMODELO_REF,ES_OBLIGATORIO, LONGITUD_ATRIBUTO,PRECISION_ATRIBUTO,ORDEN, EXP_REGULAR_VALIDACION,VALOR_DEFECTO, ID_CATALOGO )VALUES( 1,'CQ_TABLA', 'entidad',   NULL,     'ENTIDAD', '1',30  ,NULL, 2, NULL,                       NULL    ,NULL);
    INSERT INTO XMATRBTMTMDL( ID_METAMODELO,ID_TIPO_METAMODELO, ID_ATRIBUTO_METAMODELO, ID_TIPO_PRIMITIVO,ID_TIPO_METAMODELO_REF,ES_OBLIGATORIO, LONGITUD_ATRIBUTO,PRECISION_ATRIBUTO,ORDEN, EXP_REGULAR_VALIDACION,VALOR_DEFECTO, ID_CATALOGO )VALUES( 1,'CQ_TABLA', 'condicion', 'STRING', NULL   ,   '1',255 ,NULL, 3, NULL,                       NULL    ,NULL);
    INSERT INTO XMATRBTMTMDL( ID_METAMODELO,ID_TIPO_METAMODELO, ID_ATRIBUTO_METAMODELO, ID_TIPO_PRIMITIVO,ID_TIPO_METAMODELO_REF,ES_OBLIGATORIO, LONGITUD_ATRIBUTO,PRECISION_ATRIBUTO,ORDEN, EXP_REGULAR_VALIDACION,VALOR_DEFECTO, ID_CATALOGO )VALUES( 1,'CQ_TABLA', 'tipoJoin',  'STRING', NULL   ,   '0',5   ,NULL, 4, NULL,                      'INNER'  ,'TIPO_JOIN');
  INSERT INTO XMTPMTMDL( ID_METAMODELO, ID_TIPO_METAMODELO, NOMBRE_TIPO_METAMODELO)VALUES(1,'CQ_PARAMETRO','Parametro');
  INSERT INTO XMJRRQTP( ID_METAMODELO,ID_TIPO_METAMODELO_PADRE,ID_JERARQUIA,ID_TIPO_METAMODELO_HIJO,ES_MULTIPLE, ORDEN )VALUES( 1,'APLICACION' ,      'consultasComplejas', 'COMPLEX_QUERY',  '1', 4);
  INSERT INTO XMJRRQTP( ID_METAMODELO,ID_TIPO_METAMODELO_PADRE,ID_JERARQUIA,ID_TIPO_METAMODELO_HIJO,ES_MULTIPLE, ORDEN )VALUES( 1,'COMPLEX_QUERY' ,'parametros',         'CQ_PARAMETRO',   '1', 1);
  INSERT INTO XMJRRQTP( ID_METAMODELO,ID_TIPO_METAMODELO_PADRE,ID_JERARQUIA,ID_TIPO_METAMODELO_HIJO,ES_MULTIPLE, ORDEN )VALUES( 1,'COMPLEX_QUERY' ,'camposSelect',       'CQ_CAMPO_SELECT','1', 2);
  INSERT INTO XMJRRQTP( ID_METAMODELO,ID_TIPO_METAMODELO_PADRE,ID_JERARQUIA,ID_TIPO_METAMODELO_HIJO,ES_MULTIPLE, ORDEN )VALUES( 1,'COMPLEX_QUERY' ,'tablasSelect',       'CQ_TABLA',       '1', 3);
  INSERT INTO XMJRRQTP( ID_METAMODELO,ID_TIPO_METAMODELO_PADRE,ID_JERARQUIA,ID_TIPO_METAMODELO_HIJO,ES_MULTIPLE, ORDEN )VALUES( 1,'COMPLEX_QUERY' ,'groupBy',            'CQ_CAMPO_SELECT','1', 4);
  INSERT INTO XMJRRQTP( ID_METAMODELO,ID_TIPO_METAMODELO_PADRE,ID_JERARQUIA,ID_TIPO_METAMODELO_HIJO,ES_MULTIPLE, ORDEN )VALUES( 1,'COMPLEX_QUERY' ,'orderBy',            'CQ_CAMPO_SELECT','1', 5);

  -- inyectar catalogos
  UPDATE XMATRBTMTMDL SET ID_CATALOGO ='BOOLEAN' WHERE ID_METAMODELO = 1 AND ID_TIPO_PRIMITIVO = 'BOOLEAN';
  UPDATE XMATRBTMTMDL SET ID_CATALOGO ='TIPO_PRIM' WHERE ID_METAMODELO = 1 AND ID_TIPO_METAMODELO = 'CAMPO' AND ID_ATRIBUTO_METAMODELO = 'tipo';

  -- metamodelo aplicacion - dominio perfiles y capacidades
  INSERT INTO XMTPMTMDL( ID_METAMODELO, ID_TIPO_METAMODELO, NOMBRE_TIPO_METAMODELO)VALUES(1,'PERFIL','Perfil');
    INSERT INTO XMATRBTMTMDL( ID_METAMODELO,ID_TIPO_METAMODELO,ID_ATRIBUTO_METAMODELO, ID_TIPO_PRIMITIVO,ID_TIPO_METAMODELO_REF,ES_OBLIGATORIO, LONGITUD_ATRIBUTO,PRECISION_ATRIBUTO,ORDEN, EXP_REGULAR_VALIDACION,VALOR_DEFECTO, ID_CATALOGO )VALUES( 1,'PERFIL', 'preexistente' ,'BOOLEAN',NULL   ,'1',NULL,NULL,3,NULL,'0' ,'BOOLEAN');
  INSERT INTO XMTPMTMDL( ID_METAMODELO, ID_TIPO_METAMODELO, NOMBRE_TIPO_METAMODELO)VALUES(1,'CAPACIDAD','Capacidad');
  INSERT INTO XMJRRQTP( ID_METAMODELO,ID_TIPO_METAMODELO_PADRE,ID_JERARQUIA,ID_TIPO_METAMODELO_HIJO,ES_MULTIPLE, ORDEN )VALUES( 1,'APLICACION' ,'perfiles', 'PERFIL','1', 5);
  INSERT INTO XMJRRQTP( ID_METAMODELO,ID_TIPO_METAMODELO_PADRE,ID_JERARQUIA,ID_TIPO_METAMODELO_HIJO,ES_MULTIPLE, ORDEN )VALUES( 1,'PERFIL' ,'capacidades', 'CAPACIDAD','1', 1);

  --metamodelo aplicacion - dominio servicios
  INSERT INTO XMTPMTMDL( ID_METAMODELO, ID_TIPO_METAMODELO, NOMBRE_TIPO_METAMODELO)VALUES(1,'SERVICIO_CONSULTA','Servicio Consulta');
    INSERT INTO XMATRBTMTMDL( ID_METAMODELO,ID_TIPO_METAMODELO, ID_ATRIBUTO_METAMODELO, ID_TIPO_PRIMITIVO,ID_TIPO_METAMODELO_REF,ES_OBLIGATORIO, LONGITUD_ATRIBUTO,PRECISION_ATRIBUTO,ORDEN, EXP_REGULAR_VALIDACION,VALOR_DEFECTO ,ID_CATALOGO )VALUES( 1,'SERVICIO_CONSULTA', 'endPoint',          'STRING',  NULL,            '1',256  ,NULL, 1, NULL, NULL,  NULL);
    INSERT INTO XMATRBTMTMDL( ID_METAMODELO,ID_TIPO_METAMODELO, ID_ATRIBUTO_METAMODELO, ID_TIPO_PRIMITIVO,ID_TIPO_METAMODELO_REF,ES_OBLIGATORIO, LONGITUD_ATRIBUTO,PRECISION_ATRIBUTO,ORDEN, EXP_REGULAR_VALIDACION,VALOR_DEFECTO ,ID_CATALOGO )VALUES( 1,'SERVICIO_CONSULTA', 'method',            'STRING',  NULL,            '1',16   ,NULL, 2, NULL, 'GET', 'HTTP_METHOD');
    INSERT INTO XMATRBTMTMDL( ID_METAMODELO,ID_TIPO_METAMODELO, ID_ATRIBUTO_METAMODELO, ID_TIPO_PRIMITIVO,ID_TIPO_METAMODELO_REF,ES_OBLIGATORIO, LONGITUD_ATRIBUTO,PRECISION_ATRIBUTO,ORDEN, EXP_REGULAR_VALIDACION,VALOR_DEFECTO ,ID_CATALOGO )VALUES( 1,'SERVICIO_CONSULTA', 'consultaCompleja',  NULL,      'COMPLEX_QUERY', '0',30   ,NULL, 3, NULL, NULL,  NULL);
    INSERT INTO XMATRBTMTMDL( ID_METAMODELO,ID_TIPO_METAMODELO, ID_ATRIBUTO_METAMODELO, ID_TIPO_PRIMITIVO,ID_TIPO_METAMODELO_REF,ES_OBLIGATORIO, LONGITUD_ATRIBUTO,PRECISION_ATRIBUTO,ORDEN, EXP_REGULAR_VALIDACION,VALOR_DEFECTO ,ID_CATALOGO )VALUES( 1,'SERVICIO_CONSULTA', 'consultaSimple',    NULL,      'NAMED_QUERY',   '0',30   ,NULL, 4, NULL, NULL,  NULL);
    INSERT INTO XMATRBTMTMDL( ID_METAMODELO,ID_TIPO_METAMODELO, ID_ATRIBUTO_METAMODELO, ID_TIPO_PRIMITIVO,ID_TIPO_METAMODELO_REF,ES_OBLIGATORIO, LONGITUD_ATRIBUTO,PRECISION_ATRIBUTO,ORDEN, EXP_REGULAR_VALIDACION,VALOR_DEFECTO ,ID_CATALOGO )VALUES( 1,'SERVICIO_CONSULTA', 'determinarUsuario', 'BOOLEAN', NULL            ,'1',NULL ,NULL, 5, NULL, '1',   'BOOLEAN');
    INSERT INTO XMATRBTMTMDL( ID_METAMODELO,ID_TIPO_METAMODELO, ID_ATRIBUTO_METAMODELO, ID_TIPO_PRIMITIVO,ID_TIPO_METAMODELO_REF,ES_OBLIGATORIO, LONGITUD_ATRIBUTO,PRECISION_ATRIBUTO,ORDEN, EXP_REGULAR_VALIDACION,VALOR_DEFECTO ,ID_CATALOGO )VALUES( 1,'SERVICIO_CONSULTA', 'retornarLista',     'BOOLEAN', NULL            ,'1',NULL ,NULL, 6, NULL, '1',   'BOOLEAN');
  INSERT INTO XMTPMTMDL( ID_METAMODELO, ID_TIPO_METAMODELO, NOMBRE_TIPO_METAMODELO)VALUES(1,'SERVICIO_TRANSACCION','Servicio Transaccion');
    INSERT INTO XMATRBTMTMDL( ID_METAMODELO,ID_TIPO_METAMODELO, ID_ATRIBUTO_METAMODELO, ID_TIPO_PRIMITIVO,ID_TIPO_METAMODELO_REF,ES_OBLIGATORIO, LONGITUD_ATRIBUTO,PRECISION_ATRIBUTO,ORDEN, EXP_REGULAR_VALIDACION,VALOR_DEFECTO ,ID_CATALOGO )VALUES( 1,'SERVICIO_TRANSACCION', 'endPoint',          'STRING',  NULL, '1',256  ,NULL, 1, NULL, NULL,   NULL);
    INSERT INTO XMATRBTMTMDL( ID_METAMODELO,ID_TIPO_METAMODELO, ID_ATRIBUTO_METAMODELO, ID_TIPO_PRIMITIVO,ID_TIPO_METAMODELO_REF,ES_OBLIGATORIO, LONGITUD_ATRIBUTO,PRECISION_ATRIBUTO,ORDEN, EXP_REGULAR_VALIDACION,VALOR_DEFECTO ,ID_CATALOGO )VALUES( 1,'SERVICIO_TRANSACCION', 'method',            'STRING',  NULL, '1',16   ,NULL, 2, NULL, 'POST', 'HTTP_METHOD');
    INSERT INTO XMATRBTMTMDL( ID_METAMODELO,ID_TIPO_METAMODELO, ID_ATRIBUTO_METAMODELO, ID_TIPO_PRIMITIVO,ID_TIPO_METAMODELO_REF,ES_OBLIGATORIO, LONGITUD_ATRIBUTO,PRECISION_ATRIBUTO,ORDEN, EXP_REGULAR_VALIDACION,VALOR_DEFECTO ,ID_CATALOGO )VALUES( 1,'SERVICIO_TRANSACCION', 'determinarUsuario', 'BOOLEAN', NULL, '1',NULL ,NULL, 3, NULL, '1',    'BOOLEAN');
  INSERT INTO XMTPMTMDL( ID_METAMODELO, ID_TIPO_METAMODELO, NOMBRE_TIPO_METAMODELO)VALUES(1,'SERV_REF_ENTIDAD_CRUD','Ref Entidad Crud');
    INSERT INTO XMATRBTMTMDL( ID_METAMODELO,ID_TIPO_METAMODELO, ID_ATRIBUTO_METAMODELO, ID_TIPO_PRIMITIVO,ID_TIPO_METAMODELO_REF,ES_OBLIGATORIO, LONGITUD_ATRIBUTO,PRECISION_ATRIBUTO,ORDEN, EXP_REGULAR_VALIDACION,VALOR_DEFECTO ,ID_CATALOGO )VALUES( 1,'SERV_REF_ENTIDAD_CRUD', 'entidad', NULL,     'ENTIDAD', '1',30 ,NULL, 2, NULL, NULL, NULL);
    INSERT INTO XMATRBTMTMDL( ID_METAMODELO,ID_TIPO_METAMODELO, ID_ATRIBUTO_METAMODELO, ID_TIPO_PRIMITIVO,ID_TIPO_METAMODELO_REF,ES_OBLIGATORIO, LONGITUD_ATRIBUTO,PRECISION_ATRIBUTO,ORDEN, EXP_REGULAR_VALIDACION,VALOR_DEFECTO ,ID_CATALOGO )VALUES( 1,'SERV_REF_ENTIDAD_CRUD', 'crud',    'STRING', NULL     , '1',16 ,NULL, 2, NULL, NULL ,'CRUD');
  INSERT INTO XMTPMTMDL( ID_METAMODELO, ID_TIPO_METAMODELO, NOMBRE_TIPO_METAMODELO)VALUES(1,'SERV_REF_ENTIDAD_NQ','Ref Entidad NQuery');
    INSERT INTO XMATRBTMTMDL( ID_METAMODELO,ID_TIPO_METAMODELO, ID_ATRIBUTO_METAMODELO, ID_TIPO_PRIMITIVO,ID_TIPO_METAMODELO_REF,ES_OBLIGATORIO, LONGITUD_ATRIBUTO,PRECISION_ATRIBUTO,ORDEN, EXP_REGULAR_VALIDACION,VALOR_DEFECTO ,ID_CATALOGO )VALUES( 1,'SERV_REF_ENTIDAD_NQ', 'namedQuery', NULL,     'NAMED_QUERY', '1',30 ,NULL, 2, NULL, NULL, NULL);
  INSERT INTO XMTPMTMDL( ID_METAMODELO, ID_TIPO_METAMODELO, NOMBRE_TIPO_METAMODELO)VALUES(1,'SERV_REF_COMPLEX_QUERY','Ref Complex Query');
    INSERT INTO XMATRBTMTMDL( ID_METAMODELO,ID_TIPO_METAMODELO, ID_ATRIBUTO_METAMODELO, ID_TIPO_PRIMITIVO,ID_TIPO_METAMODELO_REF,ES_OBLIGATORIO, LONGITUD_ATRIBUTO,PRECISION_ATRIBUTO,ORDEN, EXP_REGULAR_VALIDACION,VALOR_DEFECTO ,ID_CATALOGO )VALUES( 1,'SERV_REF_COMPLEX_QUERY', 'complexQuery', NULL,     'COMPLEX_QUERY', '1',30 ,NULL, 2, NULL, NULL, NULL);

  INSERT INTO XMTPMTMDL( ID_METAMODELO, ID_TIPO_METAMODELO, NOMBRE_TIPO_METAMODELO)VALUES(1,'SERV_PARAMETRO','Parametro');
    INSERT INTO XMATRBTMTMDL( ID_METAMODELO,ID_TIPO_METAMODELO,ID_ATRIBUTO_METAMODELO, ID_TIPO_PRIMITIVO,ID_TIPO_METAMODELO_REF,ES_OBLIGATORIO, LONGITUD_ATRIBUTO,PRECISION_ATRIBUTO,ORDEN, EXP_REGULAR_VALIDACION,VALOR_DEFECTO, ID_CATALOGO )VALUES( 1,'SERV_PARAMETRO'    ,'tipo'       ,'STRING' ,NULL   ,'1',8   ,NULL,4,NULL,NULL, 'TIPO_PRIM');
  INSERT INTO XMTPMTMDL( ID_METAMODELO, ID_TIPO_METAMODELO, NOMBRE_TIPO_METAMODELO)VALUES(1,'REF_CAPACIDAD','Ref Capacidad');
    INSERT INTO XMATRBTMTMDL( ID_METAMODELO,ID_TIPO_METAMODELO, ID_ATRIBUTO_METAMODELO, ID_TIPO_PRIMITIVO,ID_TIPO_METAMODELO_REF,ES_OBLIGATORIO, LONGITUD_ATRIBUTO,PRECISION_ATRIBUTO,ORDEN, EXP_REGULAR_VALIDACION,VALOR_DEFECTO )VALUES( 1,'REF_CAPACIDAD', 'capacidad', NULL,     'CAPACIDAD', '1',30 ,NULL, 2, NULL,                       NULL);
  INSERT INTO XMJRRQTP( ID_METAMODELO,ID_TIPO_METAMODELO_PADRE,ID_JERARQUIA,ID_TIPO_METAMODELO_HIJO,ES_MULTIPLE, ORDEN )VALUES( 1,'APLICACION'           ,'serviciosConsulta',    'SERVICIO_CONSULTA','1', 6);
  INSERT INTO XMJRRQTP( ID_METAMODELO,ID_TIPO_METAMODELO_PADRE,ID_JERARQUIA,ID_TIPO_METAMODELO_HIJO,ES_MULTIPLE, ORDEN )VALUES( 1,'APLICACION'           ,'serviciosTransaccion', 'SERVICIO_TRANSACCION','1', 7);
  INSERT INTO XMJRRQTP( ID_METAMODELO,ID_TIPO_METAMODELO_PADRE,ID_JERARQUIA,ID_TIPO_METAMODELO_HIJO,ES_MULTIPLE, ORDEN )VALUES( 1,'SERVICIO_CONSULTA'    ,'parametros',           'SERV_PARAMETRO','1', 1);
  INSERT INTO XMJRRQTP( ID_METAMODELO,ID_TIPO_METAMODELO_PADRE,ID_JERARQUIA,ID_TIPO_METAMODELO_HIJO,ES_MULTIPLE, ORDEN )VALUES( 1,'SERVICIO_CONSULTA'    ,'capacidades',          'REF_CAPACIDAD','1', 2);
  INSERT INTO XMJRRQTP( ID_METAMODELO,ID_TIPO_METAMODELO_PADRE,ID_JERARQUIA,ID_TIPO_METAMODELO_HIJO,ES_MULTIPLE, ORDEN )VALUES( 1,'SERVICIO_TRANSACCION' ,'parametros',           'SERV_PARAMETRO','1', 1);
  INSERT INTO XMJRRQTP( ID_METAMODELO,ID_TIPO_METAMODELO_PADRE,ID_JERARQUIA,ID_TIPO_METAMODELO_HIJO,ES_MULTIPLE, ORDEN )VALUES( 1,'SERVICIO_TRANSACCION' ,'capacidades',          'REF_CAPACIDAD','1', 2);
  INSERT INTO XMJRRQTP( ID_METAMODELO,ID_TIPO_METAMODELO_PADRE,ID_JERARQUIA,ID_TIPO_METAMODELO_HIJO,ES_MULTIPLE, ORDEN )VALUES( 1,'SERVICIO_TRANSACCION' ,'CRUD_Entidades',       'SERV_REF_ENTIDAD_CRUD','1', 3);
  INSERT INTO XMJRRQTP( ID_METAMODELO,ID_TIPO_METAMODELO_PADRE,ID_JERARQUIA,ID_TIPO_METAMODELO_HIJO,ES_MULTIPLE, ORDEN )VALUES( 1,'SERVICIO_TRANSACCION' ,'NQ_Entidades',         'SERV_REF_ENTIDAD_NQ','1', 4);
  INSERT INTO XMJRRQTP( ID_METAMODELO,ID_TIPO_METAMODELO_PADRE,ID_JERARQUIA,ID_TIPO_METAMODELO_HIJO,ES_MULTIPLE, ORDEN )VALUES( 1,'SERVICIO_TRANSACCION' ,'complexQueries',         'SERV_REF_COMPLEX_QUERY','1', 5);

  --metamodelo aplicacion - paginas Administrativas
  INSERT INTO XMTPMTMDL( ID_METAMODELO, ID_TIPO_METAMODELO, NOMBRE_TIPO_METAMODELO)VALUES(1,'ADMIN_PAGE','Admin Page');
  INSERT INTO XMTPMTMDL( ID_METAMODELO, ID_TIPO_METAMODELO, NOMBRE_TIPO_METAMODELO)VALUES(1,'TABULAR_INLINE','Tabular Inline');
  INSERT INTO XMJRRQTP( ID_METAMODELO,ID_TIPO_METAMODELO_PADRE,ID_JERARQUIA,ID_TIPO_METAMODELO_HIJO,ES_MULTIPLE, ORDEN )VALUES( 1,'APLICACION' ,'AdminPages', 'ADMIN_PAGE','1', 7);
  INSERT INTO XMJRRQTP( ID_METAMODELO,ID_TIPO_METAMODELO_PADRE,ID_JERARQUIA,ID_TIPO_METAMODELO_HIJO,ES_MULTIPLE, ORDEN )VALUES( 1,'ADMIN_PAGE' ,'CamposDespliegue', 'REF_CAMPO','1', 1);
  INSERT INTO XMJRRQTP( ID_METAMODELO,ID_TIPO_METAMODELO_PADRE,ID_JERARQUIA,ID_TIPO_METAMODELO_HIJO,ES_MULTIPLE, ORDEN )VALUES( 1,'ADMIN_PAGE' ,'Inlines', 'TABULAR_INLINE','1', 2);
  INSERT INTO XMJRRQTP( ID_METAMODELO,ID_TIPO_METAMODELO_PADRE,ID_JERARQUIA,ID_TIPO_METAMODELO_HIJO,ES_MULTIPLE, ORDEN )VALUES( 1,'TABULAR_INLINE' ,'CamposDespliegue', 'REF_CAMPO','1', 1);

-- Validaciones Metamodelo aplocacion
insert into XMVLDCN (ID_METAMODELO, ID_VALIDACION, DESCRIPCION, CONSULTA ) values( 1, 1, 'Entidades con Pk', 'select a.ID_OBJETO AS idObjeto, a.ID_MODELO as idModelo, a.ID_TIPO_METAMODELO as idTipoMetamodelo, a.ID_JERARQUIA as idJerarquia, a.NOMBRE as nombre, a.DESCRIPCION as descripcion, a.ID_OBJETO_PADRE as idObjetoPadre, a.ORDEN as orden, b.NOMBRE as nombrePadre, ''Debe definir al menos un campo Pk'' as descripcionValidacion, ''warning'' as nivel from XMOBJTMDL a left join XMOBJTMDL b on b.ID_OBJETO = a.ID_OBJETO_PADRE where a.ID_MODELO = :idModelo and a.ID_JERARQUIA = ''Entidades'' and not exists( select 1 from XMOBJTMDL c , XMATRBTOBJT d where c.ID_OBJETO_PADRE = a.ID_OBJETO and d.ID_OBJETO = c.ID_OBJETO and c.ID_JERARQUIA = ''Campos'' and d.ID_ATRIBUTO_METAMODELO = ''pk'' and d.VALOR =''1'' )');
insert into XMVLDCN (ID_METAMODELO, ID_VALIDACION, DESCRIPCION, CONSULTA ) values( 1, 2, 'NombreTabla repetido', 'select a.ID_OBJETO AS idObjeto, a.ID_MODELO as idModelo, a.ID_TIPO_METAMODELO as idTipoMetamodelo, a.ID_JERARQUIA as idJerarquia, a.NOMBRE as nombre, a.DESCRIPCION as descripcion, a.ID_OBJETO_PADRE as idObjetoPadre, a.ORDEN as orden, b.NOMBRE as nombrePadre, ''Nombre de Tabla Repetida'' as descripcionValidacion, ''danger'' as nivel from XMOBJTMDL a left join XMOBJTMDL b on b.ID_OBJETO = a.ID_OBJETO_PADRE where a.ID_MODELO = :idModelo and a.ID_JERARQUIA = ''Entidades'' and exists( select 1 from XMATRBTOBJT c , XMOBJTMDL d , XMATRBTOBJT e where c.ID_OBJETO = a.ID_OBJETO and c.ID_ATRIBUTO_METAMODELO = ''nombreTabla'' and d.ID_OBJETO_PADRE = a.ID_OBJETO_PADRE and d.ID_OBJETO <> a.ID_OBJETO and d.ID_JERARQUIA = a.ID_JERARQUIA and e.ID_OBJETO = d.ID_OBJETO and e.ID_ATRIBUTO_METAMODELO = c.ID_ATRIBUTO_METAMODELO and e.VALOR = c.VALOR )');
insert into XMVLDCN (ID_METAMODELO, ID_VALIDACION, DESCRIPCION, CONSULTA ) values( 1, 3, 'NombreCampo repetido', 'select a.ID_OBJETO AS idObjeto, a.ID_MODELO as idModelo, a.ID_TIPO_METAMODELO as idTipoMetamodelo, a.ID_JERARQUIA as idJerarquia, a.NOMBRE as nombre, a.DESCRIPCION as descripcion, a.ID_OBJETO_PADRE as idObjetoPadre, a.ORDEN as orden, b.NOMBRE as nombrePadre, ''Nombre de Campo Repetido'' as descripcionValidacion, ''danger'' as nivel from XMOBJTMDL a left join XMOBJTMDL b on b.ID_OBJETO = a.ID_OBJETO_PADRE where a.ID_MODELO = :idModelo and a.ID_JERARQUIA = ''Campos'' and exists( select 1 from XMATRBTOBJT c , XMOBJTMDL d , XMATRBTOBJT e where c.ID_OBJETO = a.ID_OBJETO and c.ID_ATRIBUTO_METAMODELO = ''nombreCampo'' and d.ID_OBJETO_PADRE = a.ID_OBJETO_PADRE and d.ID_OBJETO <> a.ID_OBJETO and d.ID_JERARQUIA = a.ID_JERARQUIA and e.ID_OBJETO = d.ID_OBJETO and e.ID_ATRIBUTO_METAMODELO = c.ID_ATRIBUTO_METAMODELO and e.VALOR = c.VALOR )');
insert into XMVLDCN (ID_METAMODELO, ID_VALIDACION, DESCRIPCION, CONSULTA ) values( 1, 4, 'Referencias namedQuery', 'select a.ID_OBJETO AS idObjeto, a.ID_MODELO as idModelo, a.ID_TIPO_METAMODELO as idTipoMetamodelo, a.ID_JERARQUIA as idJerarquia, a.NOMBRE as nombre, a.DESCRIPCION as descripcion, a.ID_OBJETO_PADRE as idObjetoPadre, a.ORDEN as orden, b.NOMBRE as nombrePadre, ''Referencia a campo incorrecta'' as descripcionValidacion, ''danger'' as nivel from XMOBJTMDL a left join XMOBJTMDL b on b.ID_OBJETO = a.ID_OBJETO_PADRE where a.ID_MODELO = :idModelo and a.ID_JERARQUIA = ''NamedQuieries'' and exists( select 1 from XMOBJTMDL c where c.ID_OBJETO_PADRE = a.ID_OBJETO and c.ID_TIPO_METAMODELO = ''REF_CAMPO'' and not exists( select 1 from XMATRBTOBJT d where d.ID_OBJETO = c.ID_OBJETO and coalesce (d.VALOR, '''') <> '''' ) and not exists( select 1 from XMOBJTMDL e where e.ID_OBJETO_PADRE = a.ID_OBJETO_PADRE and e.ID_JERARQUIA = ''Campos'' and e.NOMBRE = c.NOMBRE ) ) ');
insert into XMVLDCN (ID_METAMODELO, ID_VALIDACION, DESCRIPCION, CONSULTA ) values( 1, 5, 'Finders y endpoints', 'select a.ID_OBJETO AS idObjeto, a.ID_MODELO as idModelo, a.ID_TIPO_METAMODELO as idTipoMetamodelo, a.ID_JERARQUIA as idJerarquia, a.NOMBRE as nombre, a.DESCRIPCION as descripcion, a.ID_OBJETO_PADRE as idObjetoPadre, a.ORDEN as orden, b.NOMBRE as nombrePadre, ''finder requiere especificar endPoint'' as descripcionValidacion, ''danger'' as nivel from XMOBJTMDL a left join XMOBJTMDL b on b.ID_OBJETO = a.ID_OBJETO_PADRE where a.ID_MODELO = :idModelo and a.ID_JERARQUIA = ''NamedQuieries'' and ( select count(1) from XMATRBTOBJT c where c.ID_OBJETO = a.ID_OBJETO and c.ID_ATRIBUTO_METAMODELO in (''finder'', ''endPoint'') and coalesce (c.VALOR, '''') <> '''' ) = 1 ');
insert into XMVLDCN (ID_METAMODELO, ID_VALIDACION, DESCRIPCION, CONSULTA ) values( 1, 6, 'Entidades sin displayName', 'select a.ID_OBJETO AS idObjeto, a.ID_MODELO as idModelo, a.ID_TIPO_METAMODELO as idTipoMetamodelo, a.ID_JERARQUIA as idJerarquia, a.NOMBRE as nombre, a.DESCRIPCION as descripcion, a.ID_OBJETO_PADRE as idObjetoPadre, a.ORDEN as orden, b.NOMBRE as nombrePadre, ''Debe definir al menos un campo displayName'' as descripcionValidacion, ''warning'' as nivel from XMOBJTMDL a left join XMOBJTMDL b on b.ID_OBJETO = a.ID_OBJETO_PADRE where a.ID_MODELO = :idModelo and a.ID_JERARQUIA = ''Entidades'' and not exists( select 1 from XMOBJTMDL c , XMATRBTOBJT d where c.ID_OBJETO_PADRE = a.ID_OBJETO and d.ID_OBJETO = c.ID_OBJETO and c.ID_JERARQUIA = ''Campos'' and d.ID_ATRIBUTO_METAMODELO = ''displayName'' and d.VALOR =''1'' )');

--Metamodelo Metamodelos
INSERT INTO XMMTMDL( ID_METAMODELO, NOMBRE_METAMODELO, ID_TIPO_RAIZ)VALUES(2,'METAMODELO','METAMODELO');
  INSERT INTO XMCTLG( ID_METAMODELO, ID_CATALOGO, NOMBRE_CATALOGO )VALUES( 2, 'TIPO_TIPO' , 'Tipo');
    INSERT INTO XMCTLGVLR ( ID_METAMODELO, ID_CATALOGO, CLAVE, ETIQUETA, ORDEN )VALUES( 2, 'TIPO_TIPO', 'PAQUETE', 'PAQUETE', 1 );
    INSERT INTO XMCTLGVLR ( ID_METAMODELO, ID_CATALOGO, CLAVE, ETIQUETA, ORDEN )VALUES( 2, 'TIPO_TIPO', 'CLASE', 'CLASE', 2 );
    INSERT INTO XMCTLGVLR ( ID_METAMODELO, ID_CATALOGO, CLAVE, ETIQUETA, ORDEN )VALUES( 2, 'TIPO_TIPO', 'ATRIBUTO', 'ATRIBUTO', 3 );
    INSERT INTO XMCTLGVLR ( ID_METAMODELO, ID_CATALOGO, CLAVE, ETIQUETA, ORDEN )VALUES( 2, 'TIPO_TIPO', 'FUNCION', 'FUNCION', 4 );
    INSERT INTO XMCTLGVLR ( ID_METAMODELO, ID_CATALOGO, CLAVE, ETIQUETA, ORDEN )VALUES( 2, 'TIPO_TIPO', 'PARAMETRO', 'PARAMETRO', 5 );
    INSERT INTO XMCTLGVLR ( ID_METAMODELO, ID_CATALOGO, CLAVE, ETIQUETA, ORDEN )VALUES( 2, 'TIPO_TIPO', 'ESTEREOTIPO', 'ESTEREOTIPO', 6 );
  INSERT INTO XMCTLG( ID_METAMODELO, ID_CATALOGO, NOMBRE_CATALOGO )VALUES( 2, 'BOOLEAN' , 'Booleanos');
    INSERT INTO XMCTLGVLR ( ID_METAMODELO, ID_CATALOGO, CLAVE, ETIQUETA, ORDEN )VALUES( 2, 'BOOLEAN', '1', 'SI', 1 );
    INSERT INTO XMCTLGVLR ( ID_METAMODELO, ID_CATALOGO, CLAVE, ETIQUETA, ORDEN )VALUES( 2, 'BOOLEAN', '0', 'NO', 2 );
  INSERT INTO XMCTLG( ID_METAMODELO, ID_CATALOGO, NOMBRE_CATALOGO )VALUES( 2, 'TIPO_PRIMITIVO' , 'Tipo Primitivo');
    INSERT INTO XMCTLGVLR ( ID_METAMODELO, ID_CATALOGO, CLAVE, ETIQUETA, ORDEN )VALUES( 2, 'TIPO_PRIMITIVO', 'STRING',	'STRING',   1 );
    INSERT INTO XMCTLGVLR ( ID_METAMODELO, ID_CATALOGO, CLAVE, ETIQUETA, ORDEN )VALUES( 2, 'TIPO_PRIMITIVO', 'INTEGER', 'INTEGER', 2 );
    INSERT INTO XMCTLGVLR ( ID_METAMODELO, ID_CATALOGO, CLAVE, ETIQUETA, ORDEN )VALUES( 2, 'TIPO_PRIMITIVO', 'LONG',    'LONG',    3 );
    INSERT INTO XMCTLGVLR ( ID_METAMODELO, ID_CATALOGO, CLAVE, ETIQUETA, ORDEN )VALUES( 2, 'TIPO_PRIMITIVO', 'DECIMAL',	'DECIMAL', 4 );
    INSERT INTO XMCTLGVLR ( ID_METAMODELO, ID_CATALOGO, CLAVE, ETIQUETA, ORDEN )VALUES( 2, 'TIPO_PRIMITIVO', 'FLOAT',   'FLOAT',   5 );
    INSERT INTO XMCTLGVLR ( ID_METAMODELO, ID_CATALOGO, CLAVE, ETIQUETA, ORDEN )VALUES( 2, 'TIPO_PRIMITIVO', 'DOUBLE',  'DOUBLE',	 6 );
    INSERT INTO XMCTLGVLR ( ID_METAMODELO, ID_CATALOGO, CLAVE, ETIQUETA, ORDEN )VALUES( 2, 'TIPO_PRIMITIVO', 'DATE',    'DATE',    7 );
			INSERT INTO XMCTLGVLR ( ID_METAMODELO, ID_CATALOGO, CLAVE, ETIQUETA, ORDEN )VALUES( 2, 'TIPO_PRIMITIVO', 'BOOLEAN',	'BOOLEAN', 8 );
			INSERT INTO XMCTLGVLR ( ID_METAMODELO, ID_CATALOGO, CLAVE, ETIQUETA, ORDEN )VALUES( 2, 'TIPO_PRIMITIVO', 'CLOB',    'CLOB',    9 );
			INSERT INTO XMCTLGVLR ( ID_METAMODELO, ID_CATALOGO, CLAVE, ETIQUETA, ORDEN )VALUES( 2, 'TIPO_PRIMITIVO', 'BLOB',    'BLOB',   10 );
  INSERT INTO XMTPMTMDL( ID_METAMODELO, ID_TIPO_METAMODELO, NOMBRE_TIPO_METAMODELO)VALUES(2,'METAMODELO','Metamodelo');
    INSERT INTO XMATRBTMTMDL( ID_METAMODELO,ID_TIPO_METAMODELO,ID_ATRIBUTO_METAMODELO, ID_TIPO_PRIMITIVO,ID_TIPO_METAMODELO_REF,ES_OBLIGATORIO, LONGITUD_ATRIBUTO,PRECISION_ATRIBUTO,ORDEN, EXP_REGULAR_VALIDACION,VALOR_DEFECTO )VALUES( 2,'METAMODELO'    ,'idMetamodelo'	, 'INTEGER'	,NULL               ,'1',NULL	,NULL,1,NULL,NULL);
    INSERT INTO XMATRBTMTMDL( ID_METAMODELO,ID_TIPO_METAMODELO,ID_ATRIBUTO_METAMODELO, ID_TIPO_PRIMITIVO,ID_TIPO_METAMODELO_REF,ES_OBLIGATORIO, LONGITUD_ATRIBUTO,PRECISION_ATRIBUTO,ORDEN, EXP_REGULAR_VALIDACION,VALOR_DEFECTO )VALUES( 2,'METAMODELO'    ,'prefijo',      'STRING' ,NULL                ,'1',8   ,NULL,2, '^[a-z0-9_]{0,8}$' ,NULL);
    INSERT INTO XMATRBTMTMDL( ID_METAMODELO,ID_TIPO_METAMODELO,ID_ATRIBUTO_METAMODELO, ID_TIPO_PRIMITIVO,ID_TIPO_METAMODELO_REF,ES_OBLIGATORIO, LONGITUD_ATRIBUTO,PRECISION_ATRIBUTO,ORDEN, EXP_REGULAR_VALIDACION,VALOR_DEFECTO )VALUES( 2,'METAMODELO'    ,'licencia',     'STRING' ,NULL                ,'1',16  ,NULL,3, '^[A-Za-z0-9_]{0,29}$' ,NULL);
    INSERT INTO XMATRBTMTMDL( ID_METAMODELO,ID_TIPO_METAMODELO,ID_ATRIBUTO_METAMODELO, ID_TIPO_PRIMITIVO,ID_TIPO_METAMODELO_REF,ES_OBLIGATORIO, LONGITUD_ATRIBUTO,PRECISION_ATRIBUTO,ORDEN, EXP_REGULAR_VALIDACION,VALOR_DEFECTO )VALUES( 2,'METAMODELO'    ,'idTipoRaiz',   NULL	    ,'TIPO_METAMODELO'   ,'1',32		,NULL,4,NULL,NULL);
  INSERT INTO XMTPMTMDL( ID_METAMODELO, ID_TIPO_METAMODELO, NOMBRE_TIPO_METAMODELO)VALUES(2,'TIPO_METAMODELO','Tipo Metamodelo');
    INSERT INTO XMATRBTMTMDL ( ID_METAMODELO,ID_TIPO_METAMODELO,ID_ATRIBUTO_METAMODELO, ID_TIPO_PRIMITIVO,ID_TIPO_METAMODELO_REF,ES_OBLIGATORIO, LONGITUD_ATRIBUTO,PRECISION_ATRIBUTO,ORDEN, EXP_REGULAR_VALIDACION ,VALOR_DEFECTO ,ID_CATALOGO )VALUES( 2,'TIPO_METAMODELO'  ,'tipo'       ,'STRING' ,NULL   ,'1',30  ,NULL,1, NULL                     ,'CLASE' ,'TIPO_TIPO');
    INSERT INTO XMATRBTMTMDL ( ID_METAMODELO,ID_TIPO_METAMODELO,ID_ATRIBUTO_METAMODELO, ID_TIPO_PRIMITIVO,ID_TIPO_METAMODELO_REF,ES_OBLIGATORIO, LONGITUD_ATRIBUTO,PRECISION_ATRIBUTO,ORDEN, EXP_REGULAR_VALIDACION ,VALOR_DEFECTO ,ID_CATALOGO )VALUES( 2,'TIPO_METAMODELO'  ,'nombreTabla','STRING' ,NULL   ,'0',30  ,NULL,2, '^[A-Z][A-Z0-9_]{0,29}$' ,''      ,NULL);
  INSERT INTO XMTPMTMDL( ID_METAMODELO, ID_TIPO_METAMODELO, NOMBRE_TIPO_METAMODELO)VALUES(2,'ATRIBUTO_METAMODELO','Atributo');
    INSERT INTO XMATRBTMTMDL( ID_METAMODELO,ID_TIPO_METAMODELO,ID_ATRIBUTO_METAMODELO, ID_TIPO_PRIMITIVO,ID_TIPO_METAMODELO_REF,ES_OBLIGATORIO, LONGITUD_ATRIBUTO,PRECISION_ATRIBUTO,ORDEN, EXP_REGULAR_VALIDACION,VALOR_DEFECTO ,ID_CATALOGO )VALUES( 2,'ATRIBUTO_METAMODELO','nombreCampo'                ,'STRING'  ,NULL              ,'1',30  ,NULL,1, '^[A-Z][A-Z0-9_]{0,29}$', NULL, NULL);
    INSERT INTO XMATRBTMTMDL( ID_METAMODELO,ID_TIPO_METAMODELO,ID_ATRIBUTO_METAMODELO, ID_TIPO_PRIMITIVO,ID_TIPO_METAMODELO_REF,ES_OBLIGATORIO, LONGITUD_ATRIBUTO,PRECISION_ATRIBUTO,ORDEN, EXP_REGULAR_VALIDACION,VALOR_DEFECTO ,ID_CATALOGO )VALUES( 2,'ATRIBUTO_METAMODELO','etiqueta'                   ,'STRING'  ,NULL              ,'1',32		,NULL,2,NULL,''         ,NULL);
    INSERT INTO XMATRBTMTMDL( ID_METAMODELO,ID_TIPO_METAMODELO,ID_ATRIBUTO_METAMODELO, ID_TIPO_PRIMITIVO,ID_TIPO_METAMODELO_REF,ES_OBLIGATORIO, LONGITUD_ATRIBUTO,PRECISION_ATRIBUTO,ORDEN, EXP_REGULAR_VALIDACION,VALOR_DEFECTO ,ID_CATALOGO )VALUES( 2,'ATRIBUTO_METAMODELO','tipoPrimitivo'              ,'STRING'  ,NULL              ,'0',32		,NULL,3,NULL,'STRING'   ,'TIPO_PRIMITIVO');
    INSERT INTO XMATRBTMTMDL( ID_METAMODELO,ID_TIPO_METAMODELO,ID_ATRIBUTO_METAMODELO, ID_TIPO_PRIMITIVO,ID_TIPO_METAMODELO_REF,ES_OBLIGATORIO, LONGITUD_ATRIBUTO,PRECISION_ATRIBUTO,ORDEN, EXP_REGULAR_VALIDACION,VALOR_DEFECTO ,ID_CATALOGO )VALUES( 2,'ATRIBUTO_METAMODELO','tipoMetamodeloRef'          ,'STRING'  ,'TIPO_METAMODELO' ,'0',32		,NULL,4,NULL,''         ,NULL);
    INSERT INTO XMATRBTMTMDL( ID_METAMODELO,ID_TIPO_METAMODELO,ID_ATRIBUTO_METAMODELO, ID_TIPO_PRIMITIVO,ID_TIPO_METAMODELO_REF,ES_OBLIGATORIO, LONGITUD_ATRIBUTO,PRECISION_ATRIBUTO,ORDEN, EXP_REGULAR_VALIDACION,VALOR_DEFECTO ,ID_CATALOGO )VALUES( 2,'ATRIBUTO_METAMODELO','obligatorio'                ,'STRING'  ,NULL              ,'1',1   ,NULL,5,NULL,'1'        ,'BOOLEAN');
    INSERT INTO XMATRBTMTMDL( ID_METAMODELO,ID_TIPO_METAMODELO,ID_ATRIBUTO_METAMODELO, ID_TIPO_PRIMITIVO,ID_TIPO_METAMODELO_REF,ES_OBLIGATORIO, LONGITUD_ATRIBUTO,PRECISION_ATRIBUTO,ORDEN, EXP_REGULAR_VALIDACION,VALOR_DEFECTO ,ID_CATALOGO )VALUES( 2,'ATRIBUTO_METAMODELO','longitud'                   ,'INTEGER' ,NULL              ,'0',10  ,NULL,6,NULL,''         ,NULL);
    INSERT INTO XMATRBTMTMDL( ID_METAMODELO,ID_TIPO_METAMODELO,ID_ATRIBUTO_METAMODELO, ID_TIPO_PRIMITIVO,ID_TIPO_METAMODELO_REF,ES_OBLIGATORIO, LONGITUD_ATRIBUTO,PRECISION_ATRIBUTO,ORDEN, EXP_REGULAR_VALIDACION,VALOR_DEFECTO ,ID_CATALOGO )VALUES( 2,'ATRIBUTO_METAMODELO','precision'                  ,'INTEGER' ,NULL              ,'0',10  ,NULL,7,NULL,''         ,NULL);
    INSERT INTO XMATRBTMTMDL( ID_METAMODELO,ID_TIPO_METAMODELO,ID_ATRIBUTO_METAMODELO, ID_TIPO_PRIMITIVO,ID_TIPO_METAMODELO_REF,ES_OBLIGATORIO, LONGITUD_ATRIBUTO,PRECISION_ATRIBUTO,ORDEN, EXP_REGULAR_VALIDACION,VALOR_DEFECTO ,ID_CATALOGO )VALUES( 2,'ATRIBUTO_METAMODELO','expresionRegularValidacion' ,'STRING'  ,NULL              ,'0',64		,NULL,8,NULL,''         ,NULL);
    INSERT INTO XMATRBTMTMDL( ID_METAMODELO,ID_TIPO_METAMODELO,ID_ATRIBUTO_METAMODELO, ID_TIPO_PRIMITIVO,ID_TIPO_METAMODELO_REF,ES_OBLIGATORIO, LONGITUD_ATRIBUTO,PRECISION_ATRIBUTO,ORDEN, EXP_REGULAR_VALIDACION,VALOR_DEFECTO ,ID_CATALOGO )VALUES( 2,'ATRIBUTO_METAMODELO','valorDefecto'               ,'STRING'  ,NULL              ,'0',128	,NULL,9,NULL,''         ,NULL);
    INSERT INTO XMATRBTMTMDL( ID_METAMODELO,ID_TIPO_METAMODELO,ID_ATRIBUTO_METAMODELO, ID_TIPO_PRIMITIVO,ID_TIPO_METAMODELO_REF,ES_OBLIGATORIO, LONGITUD_ATRIBUTO,PRECISION_ATRIBUTO,ORDEN, EXP_REGULAR_VALIDACION,VALOR_DEFECTO ,ID_CATALOGO )VALUES( 2,'ATRIBUTO_METAMODELO','catalogo'                   ,NULL      ,'CATALOGO'        ,'0',32 	,NULL,10,NULL,''  ,NULL);
  INSERT INTO XMTPMTMDL( ID_METAMODELO, ID_TIPO_METAMODELO, NOMBRE_TIPO_METAMODELO)VALUES(2,'JERARQUIA','Jerarquia');
    INSERT INTO XMATRBTMTMDL( ID_METAMODELO,ID_TIPO_METAMODELO,ID_ATRIBUTO_METAMODELO, ID_TIPO_PRIMITIVO,ID_TIPO_METAMODELO_REF,ES_OBLIGATORIO, LONGITUD_ATRIBUTO,PRECISION_ATRIBUTO,ORDEN, EXP_REGULAR_VALIDACION,VALOR_DEFECTO ,ID_CATALOGO )VALUES( 2,'JERARQUIA','idTipoMetamodeloHijo' ,NULL	      ,'TIPO_METAMODELO' ,'1',32 ,NULL,1,NULL,NULL ,NULL);
    INSERT INTO XMATRBTMTMDL( ID_METAMODELO,ID_TIPO_METAMODELO,ID_ATRIBUTO_METAMODELO, ID_TIPO_PRIMITIVO,ID_TIPO_METAMODELO_REF,ES_OBLIGATORIO, LONGITUD_ATRIBUTO,PRECISION_ATRIBUTO,ORDEN, EXP_REGULAR_VALIDACION,VALOR_DEFECTO ,ID_CATALOGO )VALUES( 2,'JERARQUIA','esMultiple'           ,'BOOLEAN'	 ,NULL              ,'1',1  ,NULL,2,NULL,NULL ,'BOOLEAN');
  INSERT INTO XMTPMTMDL( ID_METAMODELO, ID_TIPO_METAMODELO, NOMBRE_TIPO_METAMODELO)VALUES(2,'CATALOGO','Catalogo');
  INSERT INTO XMTPMTMDL( ID_METAMODELO, ID_TIPO_METAMODELO, NOMBRE_TIPO_METAMODELO)VALUES(2,'VALOR_CATALOGO','Valor Catalogo');
    INSERT INTO XMATRBTMTMDL( ID_METAMODELO,ID_TIPO_METAMODELO,ID_ATRIBUTO_METAMODELO, ID_TIPO_PRIMITIVO,ID_TIPO_METAMODELO_REF,ES_OBLIGATORIO, LONGITUD_ATRIBUTO,PRECISION_ATRIBUTO,ORDEN, EXP_REGULAR_VALIDACION,VALOR_DEFECTO ,ID_CATALOGO )VALUES( 2,'VALOR_CATALOGO','etiqueta' ,'STRING'	 ,NULL   ,'1',32  ,NULL,1,NULL,NULL ,NULL);
  INSERT INTO XMTPMTMDL( ID_METAMODELO, ID_TIPO_METAMODELO, NOMBRE_TIPO_METAMODELO)VALUES(2,'GENERADOR','Generador');
    INSERT INTO XMATRBTMTMDL( ID_METAMODELO,ID_TIPO_METAMODELO, ID_ATRIBUTO_METAMODELO, ID_TIPO_PRIMITIVO,ID_TIPO_METAMODELO_REF,ES_OBLIGATORIO, LONGITUD_ATRIBUTO,PRECISION_ATRIBUTO,ORDEN, EXP_REGULAR_VALIDACION,VALOR_DEFECTO )VALUES( 2,'GENERADOR','nombreGenerador'  ,'STRING' ,NULL   ,'1',16,NULL,1,NULL,NULL);
    INSERT INTO XMATRBTMTMDL( ID_METAMODELO,ID_TIPO_METAMODELO, ID_ATRIBUTO_METAMODELO, ID_TIPO_PRIMITIVO,ID_TIPO_METAMODELO_REF,ES_OBLIGATORIO, LONGITUD_ATRIBUTO,PRECISION_ATRIBUTO,ORDEN, EXP_REGULAR_VALIDACION,VALOR_DEFECTO )VALUES( 2,'GENERADOR','programaGenerador','STRING' ,NULL   ,'1',64,NULL,1,NULL,NULL);
  INSERT INTO XMJRRQTP( ID_METAMODELO,ID_TIPO_METAMODELO_PADRE,ID_JERARQUIA,ID_TIPO_METAMODELO_HIJO,ES_MULTIPLE, ORDEN )VALUES( 2,'METAMODELO'       ,'Tipos'       ,'TIPO_METAMODELO'    ,'1', 1);
  INSERT INTO XMJRRQTP( ID_METAMODELO,ID_TIPO_METAMODELO_PADRE,ID_JERARQUIA,ID_TIPO_METAMODELO_HIJO,ES_MULTIPLE, ORDEN )VALUES( 2,'TIPO_METAMODELO'  ,'Atributos'   ,'ATRIBUTO_METAMODELO'   ,'1', 1);
  INSERT INTO XMJRRQTP( ID_METAMODELO,ID_TIPO_METAMODELO_PADRE,ID_JERARQUIA,ID_TIPO_METAMODELO_HIJO,ES_MULTIPLE, ORDEN )VALUES( 2,'TIPO_METAMODELO'  ,'Jerarquias'  ,'JERARQUIA'      ,'1', 2);
  INSERT INTO XMJRRQTP( ID_METAMODELO,ID_TIPO_METAMODELO_PADRE,ID_JERARQUIA,ID_TIPO_METAMODELO_HIJO,ES_MULTIPLE, ORDEN )VALUES( 2,'METAMODELO'       ,'Generadores' ,'GENERADOR'      ,'1', 3);
  INSERT INTO XMJRRQTP( ID_METAMODELO,ID_TIPO_METAMODELO_PADRE,ID_JERARQUIA,ID_TIPO_METAMODELO_HIJO,ES_MULTIPLE, ORDEN )VALUES( 2,'METAMODELO'       ,'Catalogos'   ,'CATALOGO'       ,'1', 2);
  INSERT INTO XMJRRQTP( ID_METAMODELO,ID_TIPO_METAMODELO_PADRE,ID_JERARQUIA,ID_TIPO_METAMODELO_HIJO,ES_MULTIPLE, ORDEN )VALUES( 2,'CATALOGO'         ,'Valores'     ,'VALOR_CATALOGO' ,'1', 1);
  INSERT INTO XMGNRDR( ID_METAMODELO,ID_GENERADOR,NOMBRE_GENERADOR,PROGRAMA_GENERADOR,MIME_TYPE,EXTENSION )VALUES( 2,'SQL_METAMODELO' ,'SQL METAMODELO'   ,'metamodelo/sqlMetamodelo','text/text','.sql' );
  INSERT INTO XMGNRDR( ID_METAMODELO,ID_GENERADOR,NOMBRE_GENERADOR,PROGRAMA_GENERADOR,MIME_TYPE,EXTENSION )VALUES( 2,'CREATE_TABLE'   ,'CREATE_TABLE'     ,'metamodelo/createTable','text/text','.sql' );
  INSERT INTO XMGNRDR( ID_METAMODELO,ID_GENERADOR,NOMBRE_GENERADOR,PROGRAMA_GENERADOR,MIME_TYPE,EXTENSION )VALUES( 2,'WP_PLUGIN'      ,'Wordpress Plugin' ,'metamodelo/wpPlugin','text/text','.sql' );
  INSERT INTO XMGNRDR( ID_METAMODELO,ID_GENERADOR,NOMBRE_GENERADOR,PROGRAMA_GENERADOR,MIME_TYPE,EXTENSION )VALUES( 2,'ANGULAR1'       ,'FrontEnd Angular1' ,'metamodelo/angular1','text/text','.sql' );
  INSERT INTO XMGNRDR( ID_METAMODELO,ID_GENERADOR,NOMBRE_GENERADOR,PROGRAMA_GENERADOR,MIME_TYPE,EXTENSION )VALUES( 2,'PYTHON'         ,'BackEnd QPython' ,'metamodelo/wpPlugin','text/text','.sql' );


--Metamodelo CMDB
--INSERT INTO XMMTMDL(ID_METAMODELO,NOMBRE_METAMODELO)VALUES(3,'CMDB');

-- Metamodelo Cuadro Sinoptico
INSERT INTO XMMTMDL( ID_METAMODELO, NOMBRE_METAMODELO, ID_TIPO_RAIZ)VALUES(4,'CUADRO SINOPTICO','NODO');
 INSERT INTO XMTPMTMDL( ID_METAMODELO, ID_TIPO_METAMODELO, NOMBRE_TIPO_METAMODELO)VALUES(4,'NODO','Nodo');
 INSERT INTO XMJRRQTP( ID_METAMODELO,ID_TIPO_METAMODELO_PADRE,ID_JERARQUIA,ID_TIPO_METAMODELO_HIJO,ES_MULTIPLE, ORDEN )VALUES( 4,'NODO' ,'Hijos' ,'NODO'    ,'1', 1);

-- Metamodelo Flujo Procesos
INSERT INTO XMMTMDL( ID_METAMODELO, NOMBRE_METAMODELO, ID_TIPO_RAIZ)VALUES(5,'Modelo de Procesos','MODELO');
 INSERT INTO XMTPMTMDL( ID_METAMODELO, ID_TIPO_METAMODELO, NOMBRE_TIPO_METAMODELO)VALUES(5, 'MODELO','Modelo');
 INSERT INTO XMTPMTMDL( ID_METAMODELO, ID_TIPO_METAMODELO, NOMBRE_TIPO_METAMODELO)VALUES(5, 'PROCESO','Proceso');
 INSERT INTO XMTPMTMDL( ID_METAMODELO, ID_TIPO_METAMODELO, NOMBRE_TIPO_METAMODELO)VALUES(5, 'ENTREGABLE','Entregable');
 INSERT INTO XMTPMTMDL( ID_METAMODELO, ID_TIPO_METAMODELO, NOMBRE_TIPO_METAMODELO)VALUES(5, 'REF_ENTREGABLE','Ref Entregable');
   INSERT INTO XMATRBTMTMDL( ID_METAMODELO,ID_TIPO_METAMODELO, ID_ATRIBUTO_METAMODELO, ID_TIPO_PRIMITIVO,ID_TIPO_METAMODELO_REF,ES_OBLIGATORIO, LONGITUD_ATRIBUTO,PRECISION_ATRIBUTO,ORDEN, EXP_REGULAR_VALIDACION,VALOR_DEFECTO )VALUES( 5,'REF_ENTREGABLE','referencia'   ,NULL     ,'ENTREGABLE','1',30,NULL,1,NULL,NULL);
 INSERT INTO XMJRRQTP( ID_METAMODELO,ID_TIPO_METAMODELO_PADRE,ID_JERARQUIA,ID_TIPO_METAMODELO_HIJO,ES_MULTIPLE, ORDEN )VALUES( 5,'MODELO'  ,'Procesos' ,'PROCESO'        ,'1', 1);
 INSERT INTO XMJRRQTP( ID_METAMODELO,ID_TIPO_METAMODELO_PADRE,ID_JERARQUIA,ID_TIPO_METAMODELO_HIJO,ES_MULTIPLE, ORDEN )VALUES( 5,'MODELO'  ,'Entradas' ,'ENTREGABLE'     ,'1', 2);
 INSERT INTO XMJRRQTP( ID_METAMODELO,ID_TIPO_METAMODELO_PADRE,ID_JERARQUIA,ID_TIPO_METAMODELO_HIJO,ES_MULTIPLE, ORDEN )VALUES( 5,'MODELO' ,'Salidas'   ,'REF_ENTREGABLE' ,'1', 3);
 INSERT INTO XMJRRQTP( ID_METAMODELO,ID_TIPO_METAMODELO_PADRE,ID_JERARQUIA,ID_TIPO_METAMODELO_HIJO,ES_MULTIPLE, ORDEN )VALUES( 5,'PROCESO' ,'Entradas' ,'REF_ENTREGABLE' ,'1', 1);
 INSERT INTO XMJRRQTP( ID_METAMODELO,ID_TIPO_METAMODELO_PADRE,ID_JERARQUIA,ID_TIPO_METAMODELO_HIJO,ES_MULTIPLE, ORDEN )VALUES( 5,'PROCESO' ,'Salidas'  ,'ENTREGABLE'     ,'1', 2);

--  Metamodelo Citas Medicas
INSERT INTO XMMTMDL( ID_METAMODELO, NOMBRE_METAMODELO, ID_TIPO_RAIZ) VALUES( 6, 'Citas Medicas', 'Organizacion');
  INSERT INTO XMTPMTMDL( ID_METAMODELO, ID_TIPO_METAMODELO, NOMBRE_TIPO_METAMODELO) VALUES (6, 'Organizacion', 'Organizacion');
    INSERT INTO XMATRBTMTMDL( ID_METAMODELO, ID_TIPO_METAMODELO, ID_ATRIBUTO_METAMODELO, ID_TIPO_PRIMITIVO, ID_TIPO_METAMODELO_REF, ES_OBLIGATORIO, LONGITUD_ATRIBUTO, PRECISION_ATRIBUTO, ORDEN, EXP_REGULAR_VALIDACION, VALOR_DEFECTO, ID_CATALOGO )VALUES( 6, 'Organizacion', 'ruc', 'STRING', NULL, '1', 13, NULL, 1, NULL, NULL, NULL);
    INSERT INTO XMATRBTMTMDL( ID_METAMODELO, ID_TIPO_METAMODELO, ID_ATRIBUTO_METAMODELO, ID_TIPO_PRIMITIVO, ID_TIPO_METAMODELO_REF, ES_OBLIGATORIO, LONGITUD_ATRIBUTO, PRECISION_ATRIBUTO, ORDEN, EXP_REGULAR_VALIDACION, VALOR_DEFECTO, ID_CATALOGO )VALUES( 6, 'Organizacion', 'direccion', 'STRING', NULL, '1', 64, 0, 2, NULL, NULL, NULL);
    INSERT INTO XMATRBTMTMDL( ID_METAMODELO, ID_TIPO_METAMODELO, ID_ATRIBUTO_METAMODELO, ID_TIPO_PRIMITIVO, ID_TIPO_METAMODELO_REF, ES_OBLIGATORIO, LONGITUD_ATRIBUTO, PRECISION_ATRIBUTO, ORDEN, EXP_REGULAR_VALIDACION, VALOR_DEFECTO, ID_CATALOGO )VALUES( 6, 'Organizacion', 'telefono', 'STRING', NULL, '1', 10, NULL, 3, NULL, NULL, NULL);
    INSERT INTO XMATRBTMTMDL( ID_METAMODELO, ID_TIPO_METAMODELO, ID_ATRIBUTO_METAMODELO, ID_TIPO_PRIMITIVO, ID_TIPO_METAMODELO_REF, ES_OBLIGATORIO, LONGITUD_ATRIBUTO, PRECISION_ATRIBUTO, ORDEN, EXP_REGULAR_VALIDACION, VALOR_DEFECTO, ID_CATALOGO )VALUES( 6, 'Organizacion', 'celular', 'STRING', NULL, '1', 10, NULL, 4, NULL, NULL, NULL);
    INSERT INTO XMATRBTMTMDL( ID_METAMODELO, ID_TIPO_METAMODELO, ID_ATRIBUTO_METAMODELO, ID_TIPO_PRIMITIVO, ID_TIPO_METAMODELO_REF, ES_OBLIGATORIO, LONGITUD_ATRIBUTO, PRECISION_ATRIBUTO, ORDEN, EXP_REGULAR_VALIDACION, VALOR_DEFECTO, ID_CATALOGO )VALUES( 6, 'Organizacion', 'email', 'STRING', NULL, '1', 32, NULL, 5, NULL, NULL, NULL);
    INSERT INTO XMJRRQTP( ID_METAMODELO, ID_TIPO_METAMODELO_PADRE, ID_JERARQUIA, ID_TIPO_METAMODELO_HIJO, ES_MULTIPLE, ORDEN )VALUES( 6, 'Organizacion', 'Especialidades', 'Especialidad', '1', 1 );
    INSERT INTO XMJRRQTP( ID_METAMODELO, ID_TIPO_METAMODELO_PADRE, ID_JERARQUIA, ID_TIPO_METAMODELO_HIJO, ES_MULTIPLE, ORDEN )VALUES( 6, 'Organizacion', 'Clientes', 'Cliente', '1', 2 );
    INSERT INTO XMJRRQTP( ID_METAMODELO, ID_TIPO_METAMODELO_PADRE, ID_JERARQUIA, ID_TIPO_METAMODELO_HIJO, ES_MULTIPLE, ORDEN )VALUES( 6, 'Organizacion', 'Seguros', 'Seguro', '1', 3 );
  INSERT INTO XMTPMTMDL( ID_METAMODELO, ID_TIPO_METAMODELO, NOMBRE_TIPO_METAMODELO) VALUES (6, 'Especialidad', 'Especialidad');
    INSERT INTO XMJRRQTP( ID_METAMODELO, ID_TIPO_METAMODELO_PADRE, ID_JERARQUIA, ID_TIPO_METAMODELO_HIJO, ES_MULTIPLE, ORDEN )VALUES( 6, 'Especialidad', 'Especialistas', 'Especialista', '1', 1 );
  INSERT INTO XMTPMTMDL( ID_METAMODELO, ID_TIPO_METAMODELO, NOMBRE_TIPO_METAMODELO) VALUES (6, 'Especialista', 'Especialista');
  INSERT INTO XMTPMTMDL( ID_METAMODELO, ID_TIPO_METAMODELO, NOMBRE_TIPO_METAMODELO) VALUES (6, 'Cliente', 'Cliente');
    INSERT INTO XMATRBTMTMDL( ID_METAMODELO, ID_TIPO_METAMODELO, ID_ATRIBUTO_METAMODELO, ID_TIPO_PRIMITIVO, ID_TIPO_METAMODELO_REF, ES_OBLIGATORIO, LONGITUD_ATRIBUTO, PRECISION_ATRIBUTO, ORDEN, EXP_REGULAR_VALIDACION, VALOR_DEFECTO, ID_CATALOGO )VALUES( 6, 'Cliente', 'cedula', 'STRING', NULL, '1', 10, NULL, 1, NULL, NULL, NULL);
    INSERT INTO XMATRBTMTMDL( ID_METAMODELO, ID_TIPO_METAMODELO, ID_ATRIBUTO_METAMODELO, ID_TIPO_PRIMITIVO, ID_TIPO_METAMODELO_REF, ES_OBLIGATORIO, LONGITUD_ATRIBUTO, PRECISION_ATRIBUTO, ORDEN, EXP_REGULAR_VALIDACION, VALOR_DEFECTO, ID_CATALOGO )VALUES( 6, 'Cliente', 'direccion', 'STRING', NULL, NULL, 64, NULL, 2, NULL, NULL, NULL);
    INSERT INTO XMATRBTMTMDL( ID_METAMODELO, ID_TIPO_METAMODELO, ID_ATRIBUTO_METAMODELO, ID_TIPO_PRIMITIVO, ID_TIPO_METAMODELO_REF, ES_OBLIGATORIO, LONGITUD_ATRIBUTO, PRECISION_ATRIBUTO, ORDEN, EXP_REGULAR_VALIDACION, VALOR_DEFECTO, ID_CATALOGO )VALUES( 6, 'Cliente', 'telefono', 'INTEGER', NULL, '1', 10, NULL, 3, NULL, NULL, NULL);
    INSERT INTO XMATRBTMTMDL( ID_METAMODELO, ID_TIPO_METAMODELO, ID_ATRIBUTO_METAMODELO, ID_TIPO_PRIMITIVO, ID_TIPO_METAMODELO_REF, ES_OBLIGATORIO, LONGITUD_ATRIBUTO, PRECISION_ATRIBUTO, ORDEN, EXP_REGULAR_VALIDACION, VALOR_DEFECTO, ID_CATALOGO )VALUES( 6, 'Cliente', 'seguro', NULL, 'Seguro', '0', NULL, NULL, 4, NULL, NULL, NULL);
    INSERT INTO XMJRRQTP( ID_METAMODELO, ID_TIPO_METAMODELO_PADRE, ID_JERARQUIA, ID_TIPO_METAMODELO_HIJO, ES_MULTIPLE, ORDEN )VALUES( 6, 'Cliente', 'Citas', 'Cita', '1', 1 );
  INSERT INTO XMTPMTMDL( ID_METAMODELO, ID_TIPO_METAMODELO, NOMBRE_TIPO_METAMODELO) VALUES (6, 'Cita', 'Cita');
    INSERT INTO XMATRBTMTMDL( ID_METAMODELO, ID_TIPO_METAMODELO, ID_ATRIBUTO_METAMODELO, ID_TIPO_PRIMITIVO, ID_TIPO_METAMODELO_REF, ES_OBLIGATORIO, LONGITUD_ATRIBUTO, PRECISION_ATRIBUTO, ORDEN, EXP_REGULAR_VALIDACION, VALOR_DEFECTO, ID_CATALOGO )VALUES( 6, 'Cita', 'fecha', 'DATE', NULL, '1', NULL, NULL, 1, NULL, NULL, NULL);
    INSERT INTO XMATRBTMTMDL( ID_METAMODELO, ID_TIPO_METAMODELO, ID_ATRIBUTO_METAMODELO, ID_TIPO_PRIMITIVO, ID_TIPO_METAMODELO_REF, ES_OBLIGATORIO, LONGITUD_ATRIBUTO, PRECISION_ATRIBUTO, ORDEN, EXP_REGULAR_VALIDACION, VALOR_DEFECTO, ID_CATALOGO )VALUES( 6, 'Cita', 'hora', 'STRING', NULL, '1', 5, NULL, 2, NULL, NULL, NULL);
    INSERT INTO XMATRBTMTMDL( ID_METAMODELO, ID_TIPO_METAMODELO, ID_ATRIBUTO_METAMODELO, ID_TIPO_PRIMITIVO, ID_TIPO_METAMODELO_REF, ES_OBLIGATORIO, LONGITUD_ATRIBUTO, PRECISION_ATRIBUTO, ORDEN, EXP_REGULAR_VALIDACION, VALOR_DEFECTO, ID_CATALOGO )VALUES( 6, 'Cita', 'duracion', 'STRING', NULL, '1', 5, NULL, 3, NULL, NULL, NULL);
    INSERT INTO XMATRBTMTMDL( ID_METAMODELO, ID_TIPO_METAMODELO, ID_ATRIBUTO_METAMODELO, ID_TIPO_PRIMITIVO, ID_TIPO_METAMODELO_REF, ES_OBLIGATORIO, LONGITUD_ATRIBUTO, PRECISION_ATRIBUTO, ORDEN, EXP_REGULAR_VALIDACION, VALOR_DEFECTO, ID_CATALOGO )VALUES( 6, 'Cita', 'especialista', NULL, 'Especialista', '1', NULL, NULL, 4, NULL, NULL, NULL);
  INSERT INTO XMTPMTMDL( ID_METAMODELO, ID_TIPO_METAMODELO, NOMBRE_TIPO_METAMODELO) VALUES (6, 'Seguro', 'Seguro');
  INSERT INTO XMCTLG( ID_METAMODELO, ID_CATALOGO, NOMBRE_CATALOGO )VALUES( 6, 'Boolean' , 'Boolean');
      INSERT INTO XMCTLGVLR ( ID_METAMODELO, ID_CATALOGO, CLAVE, ETIQUETA, ORDEN )VALUES( 6, 'Boolean', '1', 'VERDADERO', 1);
      INSERT INTO XMCTLGVLR ( ID_METAMODELO, ID_CATALOGO, CLAVE, ETIQUETA, ORDEN )VALUES( 6, 'Boolean', '0', 'FALSO', 2);
  INSERT INTO XMGNRDR( ID_METAMODELO, ID_GENERADOR, NOMBRE_GENERADOR, PROGRAMA_GENERADOR, MIME_TYPE, EXTENSION )VALUES( 6, 'gen1' ,'Generador 1' ,'Dsss/edfdf','text/text','.sql' );


-- data de muestra

--insert into XMMDL(ID_METAMODELO, NOMBRE_MODELO , ID_OBJETO_RAIZ)VALUES(1,"MODELO-ER EJEMPLO",1);
--  INSERT INTO XMOBJTMDL( ID_MODELO, ID_TIPO_METAMODELO, ID_JERARQUIA, NOMBRE, ID_OBJETO_PADRE, ORDEN )VALUES( 1 , 'MODELO', NULL, 'MODELO-ER EJEMPLO', NULL, 1 );
--  INSERT INTO XMOBJTMDL( ID_MODELO, ID_TIPO_METAMODELO, ID_JERARQUIA, NOMBRE, ID_OBJETO_PADRE, ORDEN )VALUES( 1 , 'ENTIDAD', 'Entidades', 'ENTIDAD1', 1, 1 );
--    INSERT INTO XMATRBTOBJT( ID_OBJETO, ID_ATRIBUTO_METAMODELO, VALOR) VALUES(2, 'nombreTabla', 'ENTIDAD1');
--  INSERT INTO XMOBJTMDL( ID_MODELO, ID_TIPO_METAMODELO, ID_JERARQUIA, NOMBRE, ID_OBJETO_PADRE, ORDEN )VALUES( 1 , 'CAMPO', 'Campos', 'CAMPO1_1', 2, 1 );
--    INSERT INTO XMATRBTOBJT( ID_OBJETO, ID_ATRIBUTO_METAMODELO, VALOR) VALUES(3, 'nombreCampo', 'CAMPO1_1');
--    INSERT INTO XMATRBTOBJT( ID_OBJETO, ID_ATRIBUTO_METAMODELO, VALOR) VALUES(3, 'incremental', '1');
--    INSERT INTO XMATRBTOBJT( ID_OBJETO, ID_ATRIBUTO_METAMODELO, VALOR) VALUES(3, 'pk', '1');
--    INSERT INTO XMATRBTOBJT( ID_OBJETO, ID_ATRIBUTO_METAMODELO, VALOR) VALUES(3, 'tipo', 'INTEGER');
--    INSERT INTO XMATRBTOBJT( ID_OBJETO, ID_ATRIBUTO_METAMODELO, VALOR) VALUES(3, 'tamano', '');
--    INSERT INTO XMATRBTOBJT( ID_OBJETO, ID_ATRIBUTO_METAMODELO, VALOR) VALUES(3, 'precision', '');
--    INSERT INTO XMATRBTOBJT( ID_OBJETO, ID_ATRIBUTO_METAMODELO, VALOR) VALUES(3, 'insert', '0');
--    INSERT INTO XMATRBTOBJT( ID_OBJETO, ID_ATRIBUTO_METAMODELO, VALOR) VALUES(3, 'update', '0');
--    INSERT INTO XMATRBTOBJT( ID_OBJETO, ID_ATRIBUTO_METAMODELO, VALOR) VALUES(3, 'obligatorio', '0');
--  INSERT INTO XMOBJTMDL( ID_MODELO, ID_TIPO_METAMODELO, ID_JERARQUIA, NOMBRE, ID_OBJETO_PADRE, ORDEN )VALUES( 1 , 'CAMPO', 'Campos', 'CAMPO1_2', 2, 2 );
--    INSERT INTO XMATRBTOBJT( ID_OBJETO, ID_ATRIBUTO_METAMODELO, VALOR) VALUES(4, 'nombreCampo', 'CAMPO1_2');
--    INSERT INTO XMATRBTOBJT( ID_OBJETO, ID_ATRIBUTO_METAMODELO, VALOR) VALUES(4, 'incremental', '0');
--    INSERT INTO XMATRBTOBJT( ID_OBJETO, ID_ATRIBUTO_METAMODELO, VALOR) VALUES(4, 'pk', '0');
--    INSERT INTO XMATRBTOBJT( ID_OBJETO, ID_ATRIBUTO_METAMODELO, VALOR) VALUES(4, 'tipo', 'STRING');
--    INSERT INTO XMATRBTOBJT( ID_OBJETO, ID_ATRIBUTO_METAMODELO, VALOR) VALUES(4, 'tamano', '16');
--    INSERT INTO XMATRBTOBJT( ID_OBJETO, ID_ATRIBUTO_METAMODELO, VALOR) VALUES(4, 'precision', '');
--    INSERT INTO XMATRBTOBJT( ID_OBJETO, ID_ATRIBUTO_METAMODELO, VALOR) VALUES(4, 'insert', '1');
--    INSERT INTO XMATRBTOBJT( ID_OBJETO, ID_ATRIBUTO_METAMODELO, VALOR) VALUES(4, 'update', '1');
--    INSERT INTO XMATRBTOBJT( ID_OBJETO, ID_ATRIBUTO_METAMODELO, VALOR) VALUES(4, 'obligatorio', '1');
--  INSERT INTO XMOBJTMDL( ID_MODELO, ID_TIPO_METAMODELO, ID_JERARQUIA, NOMBRE, ID_OBJETO_PADRE, ORDEN )VALUES( 1 , 'ENTIDAD', 'Entidades', 'ENTIDAD2', 1, 2 );
--    INSERT INTO XMATRBTOBJT( ID_OBJETO, ID_ATRIBUTO_METAMODELO, VALOR) VALUES(5, 'nombreTabla', 'ENTIDAD2');
--  INSERT INTO XMOBJTMDL( ID_MODELO, ID_TIPO_METAMODELO, ID_JERARQUIA, NOMBRE, ID_OBJETO_PADRE, ORDEN )VALUES( 1 , 'CAMPO', 'Campos', 'CAMPO2_1', 5, 1 );
--    INSERT INTO XMATRBTOBJT( ID_OBJETO, ID_ATRIBUTO_METAMODELO, VALOR) VALUES(6, 'nombreCampo', 'CAMPO2_1');
--    INSERT INTO XMATRBTOBJT( ID_OBJETO, ID_ATRIBUTO_METAMODELO, VALOR) VALUES(6, 'incremental', '1');
--    INSERT INTO XMATRBTOBJT( ID_OBJETO, ID_ATRIBUTO_METAMODELO, VALOR) VALUES(6, 'pk', '1');
--    INSERT INTO XMATRBTOBJT( ID_OBJETO, ID_ATRIBUTO_METAMODELO, VALOR) VALUES(6, 'tipo', 'INTEGER');
--    INSERT INTO XMATRBTOBJT( ID_OBJETO, ID_ATRIBUTO_METAMODELO, VALOR) VALUES(6, 'tamano', '');
--    INSERT INTO XMATRBTOBJT( ID_OBJETO, ID_ATRIBUTO_METAMODELO, VALOR) VALUES(6, 'precision', '');
--    INSERT INTO XMATRBTOBJT( ID_OBJETO, ID_ATRIBUTO_METAMODELO, VALOR) VALUES(6, 'insert', '0');
--    INSERT INTO XMATRBTOBJT( ID_OBJETO, ID_ATRIBUTO_METAMODELO, VALOR) VALUES(6, 'update', '0');
--    INSERT INTO XMATRBTOBJT( ID_OBJETO, ID_ATRIBUTO_METAMODELO, VALOR) VALUES(6, 'obligatorio', '0');
--  INSERT INTO XMOBJTMDL( ID_MODELO, ID_TIPO_METAMODELO, ID_JERARQUIA, NOMBRE, ID_OBJETO_PADRE, ORDEN )VALUES( 1 , 'CAMPO', 'Campos', 'CAMPO2_2', 5, 2 );
--    INSERT INTO XMATRBTOBJT( ID_OBJETO, ID_ATRIBUTO_METAMODELO, VALOR) VALUES(7, 'nombreCampo', 'CAMPO2_2');
--    INSERT INTO XMATRBTOBJT( ID_OBJETO, ID_ATRIBUTO_METAMODELO, VALOR) VALUES(7, 'incremental', '0');
--    INSERT INTO XMATRBTOBJT( ID_OBJETO, ID_ATRIBUTO_METAMODELO, VALOR) VALUES(7, 'pk', '0');
--    INSERT INTO XMATRBTOBJT( ID_OBJETO, ID_ATRIBUTO_METAMODELO, VALOR) VALUES(7, 'tipo', 'STRING');
--    INSERT INTO XMATRBTOBJT( ID_OBJETO, ID_ATRIBUTO_METAMODELO, VALOR) VALUES(7, 'tamano', '16');
--    INSERT INTO XMATRBTOBJT( ID_OBJETO, ID_ATRIBUTO_METAMODELO, VALOR) VALUES(7, 'precision', '');
--    INSERT INTO XMATRBTOBJT( ID_OBJETO, ID_ATRIBUTO_METAMODELO, VALOR) VALUES(7, 'insert', '1');
--    INSERT INTO XMATRBTOBJT( ID_OBJETO, ID_ATRIBUTO_METAMODELO, VALOR) VALUES(7, 'update', '1');
--    INSERT INTO XMATRBTOBJT( ID_OBJETO, ID_ATRIBUTO_METAMODELO, VALOR) VALUES(7, 'obligatorio', '1');
--  INSERT INTO XMOBJTMDL( ID_MODELO, ID_TIPO_METAMODELO, ID_JERARQUIA, NOMBRE, ID_OBJETO_PADRE, ORDEN )VALUES( 1 , 'CAMPO', 'Campos', 'CAMPO1_1', 5, 3 );
--    INSERT INTO XMATRBTOBJT( ID_OBJETO, ID_ATRIBUTO_METAMODELO, VALOR) VALUES(8, 'nombreCampo', 'CAMPO1_1');
--    INSERT INTO XMATRBTOBJT( ID_OBJETO, ID_ATRIBUTO_METAMODELO, VALOR) VALUES(8, 'incremental', '0');
--    INSERT INTO XMATRBTOBJT( ID_OBJETO, ID_ATRIBUTO_METAMODELO, VALOR) VALUES(8, 'pk', '0');
--    INSERT INTO XMATRBTOBJT( ID_OBJETO, ID_ATRIBUTO_METAMODELO, VALOR) VALUES(8, 'tipo', 'INTEGER');
--    INSERT INTO XMATRBTOBJT( ID_OBJETO, ID_ATRIBUTO_METAMODELO, VALOR) VALUES(8, 'tamano', '');
--    INSERT INTO XMATRBTOBJT( ID_OBJETO, ID_ATRIBUTO_METAMODELO, VALOR) VALUES(8, 'precision', '');
--    INSERT INTO XMATRBTOBJT( ID_OBJETO, ID_ATRIBUTO_METAMODELO, VALOR) VALUES(8, 'insert', '1');
--    INSERT INTO XMATRBTOBJT( ID_OBJETO, ID_ATRIBUTO_METAMODELO, VALOR) VALUES(8, 'update', '1');
--    INSERT INTO XMATRBTOBJT( ID_OBJETO, ID_ATRIBUTO_METAMODELO, VALOR) VALUES(8, 'obligatorio', '0');
